id,name,tipo_1,tipo_2,hp,atk,def,spa,spd,speed,height,weight,abilities,color,generation
1,bulbasaur,grass,poison,45,49,49,65,65,45,7,69,"overgrow,chlorophyll",green,generation-i
2,ivysaur,grass,poison,60,62,63,80,80,60,10,130,"overgrow,chlorophyll",green,generation-i
3,venusaur,grass,poison,80,82,83,100,100,80,20,1000,"overgrow,chlorophyll",green,generation-i
4,charmander,fire,,39,52,43,60,50,65,6,85,"blaze,solar-power",red,generation-i
5,charmeleon,fire,,58,64,58,80,65,80,11,190,"blaze,solar-power",red,generation-i
6,charizard,fire,flying,78,84,78,109,85,100,17,905,"blaze,solar-power",red,generation-i
7,squirtle,water,,44,48,65,50,64,43,5,90,"torrent,rain-dish",blue,generation-i
8,wartortle,water,,59,63,80,65,80,58,10,225,"torrent,rain-dish",blue,generation-i
9,blastoise,water,,79,83,100,85,105,78,16,855,"torrent,rain-dish",blue,generation-i
10,caterpie,bug,,45,30,35,20,20,45,3,29,"shield-dust,run-away",green,generation-i
11,metapod,bug,,50,20,55,25,25,30,7,99,shed-skin,green,generation-i
12,butterfree,bug,flying,60,45,50,90,80,70,11,320,"compound-eyes,tinted-lens",white,generation-i
13,weedle,bug,poison,40,35,30,20,20,50,3,32,"shield-dust,run-away",brown,generation-i
14,kakuna,bug,poison,45,25,50,25,25,35,6,100,shed-skin,yellow,generation-i
15,beedrill,bug,poison,65,90,40,45,80,75,10,295,"swarm,sniper",yellow,generation-i
16,pidgey,normal,flying,40,45,40,35,35,56,3,18,"keen-eye,tangled-feet,big-pecks",brown,generation-i
17,pidgeotto,normal,flying,63,60,55,50,50,71,11,300,"keen-eye,tangled-feet,big-pecks",brown,generation-i
18,pidgeot,normal,flying,83,80,75,70,70,101,15,395,"keen-eye,tangled-feet,big-pecks",brown,generation-i
19,rattata,normal,,30,56,35,25,35,72,3,35,"run-away,guts,hustle",purple,generation-i
20,raticate,normal,,55,81,60,50,70,97,7,185,"run-away,guts,hustle",brown,generation-i
21,spearow,normal,flying,40,60,30,31,31,70,3,20,"keen-eye,sniper",brown,generation-i
22,fearow,normal,flying,65,90,65,61,61,100,12,380,"keen-eye,sniper",brown,generation-i
23,ekans,poison,,35,60,44,40,54,55,20,69,"intimidate,shed-skin,unnerve",purple,generation-i
24,arbok,poison,,60,95,69,65,79,80,35,650,"intimidate,shed-skin,unnerve",purple,generation-i
26,raichu,electric,,60,90,55,90,80,110,8,300,"static,lightning-rod",yellow,generation-i
27,sandshrew,ground,,50,75,85,20,30,40,6,120,"sand-veil,sand-rush",yellow,generation-i
28,sandslash,ground,,75,100,110,45,55,65,10,295,"sand-veil,sand-rush",yellow,generation-i
29,nidoran-f,poison,,55,47,52,40,40,41,4,70,"poison-point,rivalry,hustle",blue,generation-i
30,nidorina,poison,,70,62,67,55,55,56,8,200,"poison-point,rivalry,hustle",blue,generation-i
31,nidoqueen,poison,ground,90,92,87,75,85,76,13,600,"poison-point,rivalry,sheer-force",blue,generation-i
32,nidoran-m,poison,,46,57,40,40,40,50,5,90,"poison-point,rivalry,hustle",purple,generation-i
33,nidorino,poison,,61,72,57,55,55,65,9,195,"poison-point,rivalry,hustle",purple,generation-i
34,nidoking,poison,ground,81,102,77,85,75,85,14,620,"poison-point,rivalry,sheer-force",purple,generation-i
35,clefairy,fairy,,70,45,48,60,65,35,6,75,"cute-charm,magic-guard,friend-guard",pink,generation-i
36,clefable,fairy,,95,70,73,95,90,60,13,400,"cute-charm,magic-guard,unaware",pink,generation-i
37,vulpix,fire,,38,41,40,50,65,65,6,99,"flash-fire,drought",brown,generation-i
38,ninetales,fire,,73,76,75,81,100,100,11,199,"flash-fire,drought",yellow,generation-i
39,jigglypuff,normal,fairy,115,45,20,45,25,20,5,55,"cute-charm,competitive,friend-guard",pink,generation-i
40,wigglytuff,normal,fairy,140,70,45,85,50,45,10,120,"cute-charm,competitive,frisk",pink,generation-i
41,zubat,poison,flying,40,45,35,30,40,55,8,75,"inner-focus,infiltrator",purple,generation-i
42,golbat,poison,flying,75,80,70,65,75,90,16,550,"inner-focus,infiltrator",purple,generation-i
43,oddish,grass,poison,45,50,55,75,65,30,5,54,"chlorophyll,run-away",blue,generation-i
44,gloom,grass,poison,60,65,70,85,75,40,8,86,"chlorophyll,stench",blue,generation-i
45,vileplume,grass,poison,75,80,85,110,90,50,12,186,"chlorophyll,effect-spore",red,generation-i
46,paras,bug,grass,35,70,55,45,55,25,3,54,"effect-spore,dry-skin,damp",red,generation-i
47,parasect,bug,grass,60,95,80,60,80,30,10,295,"effect-spore,dry-skin,damp",red,generation-i
48,venonat,bug,poison,60,55,50,40,55,45,10,300,"compound-eyes,tinted-lens,run-away",purple,generation-i
49,venomoth,bug,poison,70,65,60,90,75,90,15,125,"shield-dust,tinted-lens,wonder-skin",purple,generation-i
50,diglett,ground,,10,55,25,35,45,95,2,8,"sand-veil,arena-trap,sand-force",brown,generation-i
51,dugtrio,ground,,35,100,50,50,70,120,7,333,"sand-veil,arena-trap,sand-force",brown,generation-i
52,meowth,normal,,40,45,35,40,40,90,4,42,"pickup,technician,unnerve",yellow,generation-i
53,persian,normal,,65,70,60,65,65,115,10,320,"limber,technician,unnerve",yellow,generation-i
54,psyduck,water,,50,52,48,65,50,55,8,196,"damp,cloud-nine,swift-swim",yellow,generation-i
55,golduck,water,,80,82,78,95,80,85,17,766,"damp,cloud-nine,swift-swim",blue,generation-i
56,mankey,fighting,,40,80,35,35,45,70,5,280,"vital-spirit,anger-point,defiant",brown,generation-i
57,primeape,fighting,,65,105,60,60,70,95,10,320,"vital-spirit,anger-point,defiant",brown,generation-i
58,growlithe,fire,,55,70,45,70,50,60,7,190,"intimidate,flash-fire,justified",brown,generation-i
59,arcanine,fire,,90,110,80,100,80,95,19,1550,"intimidate,flash-fire,justified",brown,generation-i
60,poliwag,water,,40,50,40,40,40,90,6,124,"water-absorb,damp,swift-swim",blue,generation-i
61,poliwhirl,water,,65,65,65,50,50,90,10,200,"water-absorb,damp,swift-swim",blue,generation-i
62,poliwrath,water,fighting,90,95,95,70,90,70,13,540,"water-absorb,damp,swift-swim",blue,generation-i
63,abra,psychic,,25,20,15,105,55,90,9,195,"synchronize,inner-focus,magic-guard",brown,generation-i
64,kadabra,psychic,,40,35,30,120,70,105,13,565,"synchronize,inner-focus,magic-guard",brown,generation-i
65,alakazam,psychic,,55,50,45,135,95,120,15,480,"synchronize,inner-focus,magic-guard",brown,generation-i
66,machop,fighting,,70,80,50,35,35,35,8,195,"guts,no-guard,steadfast",gray,generation-i
67,machoke,fighting,,80,100,70,50,60,45,15,705,"guts,no-guard,steadfast",gray,generation-i
68,machamp,fighting,,90,130,80,65,85,55,16,1300,"guts,no-guard,steadfast",gray,generation-i
69,bellsprout,grass,poison,50,75,35,70,30,40,7,40,"chlorophyll,gluttony",green,generation-i
70,weepinbell,grass,poison,65,90,50,85,45,55,10,64,"chlorophyll,gluttony",green,generation-i
71,victreebel,grass,poison,80,105,65,100,70,70,17,155,"chlorophyll,gluttony",green,generation-i
72,tentacool,water,poison,40,40,35,50,100,70,9,455,"clear-body,liquid-ooze,rain-dish",blue,generation-i
73,tentacruel,water,poison,80,70,65,80,120,100,16,550,"clear-body,liquid-ooze,rain-dish",blue,generation-i
74,geodude,rock,ground,40,80,100,30,30,20,4,200,"rock-head,sturdy,sand-veil",brown,generation-i
75,graveler,rock,ground,55,95,115,45,45,35,10,1050,"rock-head,sturdy,sand-veil",brown,generation-i
76,golem,rock,ground,80,120,130,55,65,45,14,3000,"rock-head,sturdy,sand-veil",brown,generation-i
77,ponyta,fire,,50,85,55,65,65,90,10,300,"run-away,flash-fire,flame-body",yellow,generation-i
78,rapidash,fire,,65,100,70,80,80,105,17,950,"run-away,flash-fire,flame-body",yellow,generation-i
79,slowpoke,water,psychic,90,65,65,40,40,15,12,360,"oblivious,own-tempo,regenerator",pink,generation-i
80,slowbro,water,psychic,95,75,110,100,80,30,16,785,"oblivious,own-tempo,regenerator",pink,generation-i
81,magnemite,electric,steel,25,35,70,95,55,45,3,60,"magnet-pull,sturdy,analytic",gray,generation-i
82,magneton,electric,steel,50,60,95,120,70,70,10,600,"magnet-pull,sturdy,analytic",gray,generation-i
83,farfetchd,normal,flying,52,90,55,58,62,60,8,150,"keen-eye,inner-focus,defiant",brown,generation-i
84,doduo,normal,flying,35,85,45,35,35,75,14,392,"run-away,early-bird,tangled-feet",brown,generation-i
85,dodrio,normal,flying,60,110,70,60,60,110,18,852,"run-away,early-bird,tangled-feet",brown,generation-i
86,seel,water,,65,45,55,45,70,45,11,900,"thick-fat,hydration,ice-body",white,generation-i
87,dewgong,water,ice,90,70,80,70,95,70,17,1200,"thick-fat,hydration,ice-body",white,generation-i
88,grimer,poison,,80,80,50,40,50,25,9,300,"stench,sticky-hold,poison-touch",purple,generation-i
89,muk,poison,,105,105,75,65,100,50,12,300,"stench,sticky-hold,poison-touch",purple,generation-i
90,shellder,water,,30,65,100,45,25,40,3,40,"shell-armor,skill-link,overcoat",purple,generation-i
91,cloyster,water,ice,50,95,180,85,45,70,15,1325,"shell-armor,skill-link,overcoat",purple,generation-i
92,gastly,ghost,poison,30,35,30,100,35,80,13,1,levitate,purple,generation-i
93,haunter,ghost,poison,45,50,45,115,55,95,16,1,levitate,purple,generation-i
94,gengar,ghost,poison,60,65,60,130,75,110,15,405,cursed-body,purple,generation-i
95,onix,rock,ground,35,45,160,30,45,70,88,2100,"rock-head,sturdy,weak-armor",gray,generation-i
96,drowzee,psychic,,60,48,45,43,90,42,10,324,"insomnia,forewarn,inner-focus",yellow,generation-i
98,krabby,water,,30,105,90,25,25,50,4,65,"hyper-cutter,shell-armor,sheer-force",red,generation-i
99,kingler,water,,55,130,115,50,50,75,13,600,"hyper-cutter,shell-armor,sheer-force",red,generation-i
100,voltorb,electric,,40,30,50,55,55,100,5,104,"soundproof,static,aftermath",red,generation-i
101,electrode,electric,,60,50,70,80,80,150,12,666,"soundproof,static,aftermath",red,generation-i
102,exeggcute,grass,psychic,60,40,80,60,45,40,4,25,"chlorophyll,harvest",pink,generation-i
103,exeggutor,grass,psychic,95,95,85,125,75,55,20,1200,"chlorophyll,harvest",yellow,generation-i
104,cubone,ground,,50,50,95,40,50,35,4,65,"rock-head,lightning-rod,battle-armor",brown,generation-i
105,marowak,ground,,60,80,110,50,80,45,10,450,"rock-head,lightning-rod,battle-armor",brown,generation-i
106,hitmonlee,fighting,,50,120,53,35,110,87,15,498,"limber,reckless,unburden",brown,generation-i
107,hitmonchan,fighting,,50,105,79,35,110,76,14,502,"keen-eye,iron-fist,inner-focus",brown,generation-i
108,lickitung,normal,,90,55,75,60,75,30,12,655,"own-tempo,oblivious,cloud-nine",pink,generation-i
109,koffing,poison,,40,65,95,60,45,35,6,10,"levitate,neutralizing-gas,stench",purple,generation-i
110,weezing,poison,,65,90,120,85,70,60,12,95,"levitate,neutralizing-gas,stench",purple,generation-i
111,rhyhorn,ground,rock,80,85,95,30,30,25,10,1150,"lightning-rod,rock-head,reckless",gray,generation-i
112,rhydon,ground,rock,105,130,120,45,45,40,19,1200,"lightning-rod,rock-head,reckless",gray,generation-i
113,chansey,normal,,250,5,5,35,105,50,11,346,"natural-cure,serene-grace,healer",pink,generation-i
114,tangela,grass,,65,55,115,100,40,60,10,350,"chlorophyll,leaf-guard,regenerator",blue,generation-i
115,kangaskhan,normal,,105,95,80,40,80,90,22,800,"early-bird,scrappy,inner-focus",brown,generation-i
116,horsea,water,,30,40,70,70,25,60,4,80,"swift-swim,sniper,damp",blue,generation-i
117,seadra,water,,55,65,95,95,45,85,12,250,"poison-point,sniper,damp",blue,generation-i
118,goldeen,water,,45,67,60,35,50,63,6,150,"swift-swim,water-veil,lightning-rod",red,generation-i
119,seaking,water,,80,92,65,65,80,68,13,390,"swift-swim,water-veil,lightning-rod",red,generation-i
120,staryu,water,,30,45,55,70,55,85,8,345,"illuminate,natural-cure,analytic",brown,generation-i
121,starmie,water,psychic,60,75,85,100,85,115,11,800,"illuminate,natural-cure,analytic",purple,generation-i
122,mr-mime,psychic,fairy,40,45,65,100,120,90,13,545,"soundproof,filter,technician",pink,generation-i
123,scyther,bug,flying,70,110,80,55,80,105,15,560,"swarm,technician,steadfast",green,generation-i
124,jynx,ice,psychic,65,50,35,115,95,95,14,406,"oblivious,forewarn,dry-skin",red,generation-i
125,electabuzz,electric,,65,83,57,95,85,105,11,300,"static,vital-spirit",yellow,generation-i
126,magmar,fire,,65,95,57,100,85,93,13,445,"flame-body,vital-spirit",red,generation-i
127,pinsir,bug,,65,125,100,55,70,85,15,550,"hyper-cutter,mold-breaker,moxie",brown,generation-i
128,tauros,normal,,75,100,95,40,70,110,14,884,"intimidate,anger-point,sheer-force",brown,generation-i
129,magikarp,water,,20,10,55,15,20,80,9,100,"swift-swim,rattled",red,generation-i
130,gyarados,water,flying,95,125,79,60,100,81,65,2350,"intimidate,moxie",blue,generation-i
131,lapras,water,ice,130,85,80,85,95,60,25,2200,"water-absorb,shell-armor,hydration",blue,generation-i
132,ditto,normal,,48,48,48,48,48,48,3,40,"limber,imposter",purple,generation-i
133,eevee,normal,,55,55,50,45,65,55,3,65,"run-away,adaptability,anticipation",brown,generation-i
134,vaporeon,water,,130,65,60,110,95,65,10,290,"water-absorb,hydration",blue,generation-i
135,jolteon,electric,,65,65,60,110,95,130,8,245,"volt-absorb,quick-feet",yellow,generation-i
136,flareon,fire,,65,130,60,95,110,65,9,250,"flash-fire,guts",red,generation-i
137,porygon,normal,,65,60,70,85,75,40,8,365,"trace,download,analytic",pink,generation-i
138,omanyte,rock,water,35,40,100,90,55,35,4,75,"swift-swim,shell-armor,weak-armor",blue,generation-i
139,omastar,rock,water,70,60,125,115,70,55,10,350,"swift-swim,shell-armor,weak-armor",blue,generation-i
140,kabuto,rock,water,30,80,90,55,45,55,5,115,"swift-swim,battle-armor,weak-armor",brown,generation-i
141,kabutops,rock,water,60,115,105,65,70,80,13,405,"swift-swim,battle-armor,weak-armor",brown,generation-i
142,aerodactyl,rock,flying,80,105,65,60,75,130,18,590,"rock-head,pressure,unnerve",purple,generation-i
143,snorlax,normal,,160,110,65,65,110,30,21,4600,"immunity,thick-fat,gluttony",black,generation-i
144,articuno,ice,flying,90,85,100,95,125,85,17,554,"pressure,snow-cloak",blue,generation-i
145,zapdos,electric,flying,90,90,85,125,90,100,16,526,"pressure,static",yellow,generation-i
146,moltres,fire,flying,90,100,90,125,85,90,20,600,"pressure,flame-body",yellow,generation-i
147,dratini,dragon,,41,64,45,50,50,50,18,33,"shed-skin,marvel-scale",blue,generation-i
148,dragonair,dragon,,61,84,65,70,70,70,40,165,"shed-skin,marvel-scale",blue,generation-i
149,dragonite,dragon,flying,91,134,95,100,100,80,22,2100,"inner-focus,multiscale",brown,generation-i
150,mewtwo,psychic,,106,110,90,154,90,130,20,1220,"pressure,unnerve",purple,generation-i
151,mew,psychic,,100,100,100,100,100,100,4,40,synchronize,pink,generation-i
152,chikorita,grass,,45,49,65,49,65,45,9,64,"overgrow,leaf-guard",green,generation-ii
153,bayleef,grass,,60,62,80,63,80,60,12,158,"overgrow,leaf-guard",green,generation-ii
154,meganium,grass,,80,82,100,83,100,80,18,1005,"overgrow,leaf-guard",green,generation-ii
156,quilava,fire,,58,64,58,80,65,80,9,190,"blaze,flash-fire",yellow,generation-ii
157,typhlosion,fire,,78,84,78,109,85,100,17,795,"blaze,flash-fire",yellow,generation-ii
158,totodile,water,,50,65,64,44,48,43,6,95,"torrent,sheer-force",blue,generation-ii
159,croconaw,water,,65,80,80,59,63,58,11,250,"torrent,sheer-force",blue,generation-ii
160,feraligatr,water,,85,105,100,79,83,78,23,888,"torrent,sheer-force",blue,generation-ii
161,sentret,normal,,35,46,34,35,45,20,8,60,"run-away,keen-eye,frisk",brown,generation-ii
162,furret,normal,,85,76,64,45,55,90,18,325,"run-away,keen-eye,frisk",brown,generation-ii
163,hoothoot,normal,flying,60,30,30,36,56,50,7,212,"insomnia,keen-eye,tinted-lens",brown,generation-ii
164,noctowl,normal,flying,100,50,50,86,96,70,16,408,"insomnia,keen-eye,tinted-lens",brown,generation-ii
165,ledyba,bug,flying,40,20,30,40,80,55,10,108,"swarm,early-bird,rattled",red,generation-ii
166,ledian,bug,flying,55,35,50,55,110,85,14,356,"swarm,early-bird,iron-fist",red,generation-ii
167,spinarak,bug,poison,40,60,40,40,40,30,5,85,"swarm,insomnia,sniper",green,generation-ii
168,ariados,bug,poison,70,90,70,60,70,40,11,335,"swarm,insomnia,sniper",red,generation-ii
169,crobat,poison,flying,85,90,80,70,80,130,18,750,"inner-focus,infiltrator",purple,generation-ii
170,chinchou,water,electric,75,38,38,56,56,67,5,120,"volt-absorb,illuminate,water-absorb",blue,generation-ii
171,lanturn,water,electric,125,58,58,76,76,67,12,225,"volt-absorb,illuminate,water-absorb",blue,generation-ii
172,pichu,electric,,20,40,15,35,35,60,3,20,"static,lightning-rod",yellow,generation-ii
173,cleffa,fairy,,50,25,28,45,55,15,3,30,"cute-charm,magic-guard,friend-guard",pink,generation-ii
174,igglybuff,normal,fairy,90,30,15,40,20,15,3,10,"cute-charm,competitive,friend-guard",pink,generation-ii
175,togepi,fairy,,35,20,65,40,65,20,3,15,"hustle,serene-grace,super-luck",white,generation-ii
176,togetic,fairy,flying,55,40,85,80,105,40,6,32,"hustle,serene-grace,super-luck",white,generation-ii
177,natu,psychic,flying,40,50,45,70,45,70,2,20,"synchronize,early-bird,magic-bounce",green,generation-ii
178,xatu,psychic,flying,65,75,70,95,70,95,15,150,"synchronize,early-bird,magic-bounce",green,generation-ii
179,mareep,electric,,55,40,40,65,45,35,6,78,"static,plus",white,generation-ii
180,flaaffy,electric,,70,55,55,80,60,45,8,133,"static,plus",pink,generation-ii
181,ampharos,electric,,90,75,85,115,90,55,14,615,"static,plus",yellow,generation-ii
182,bellossom,grass,,75,80,95,90,100,50,4,58,"chlorophyll,healer",green,generation-ii
183,marill,water,fairy,70,20,50,20,50,40,4,85,"thick-fat,huge-power,sap-sipper",blue,generation-ii
184,azumarill,water,fairy,100,50,80,60,80,50,8,285,"thick-fat,huge-power,sap-sipper",blue,generation-ii
185,sudowoodo,rock,,70,100,115,30,65,30,12,380,"sturdy,rock-head,rattled",brown,generation-ii
186,politoed,water,,90,75,75,90,100,70,11,339,"water-absorb,damp,drizzle",green,generation-ii
187,hoppip,grass,flying,35,35,40,35,55,50,4,5,"chlorophyll,leaf-guard,infiltrator",pink,generation-ii
188,skiploom,grass,flying,55,45,50,45,65,80,6,10,"chlorophyll,leaf-guard,infiltrator",green,generation-ii
189,jumpluff,grass,flying,75,55,70,55,95,110,8,30,"chlorophyll,leaf-guard,infiltrator",blue,generation-ii
190,aipom,normal,,55,70,55,40,55,85,8,115,"run-away,pickup,skill-link",purple,generation-ii
191,sunkern,grass,,30,30,30,30,30,30,3,18,"chlorophyll,solar-power,early-bird",yellow,generation-ii
192,sunflora,grass,,75,75,55,105,85,30,8,85,"chlorophyll,solar-power,early-bird",yellow,generation-ii
193,yanma,bug,flying,65,65,45,75,45,95,12,380,"speed-boost,compound-eyes,frisk",red,generation-ii
194,wooper,water,ground,55,45,45,25,25,15,4,85,"damp,water-absorb,unaware",blue,generation-ii
195,quagsire,water,ground,95,85,85,65,65,35,14,750,"damp,water-absorb,unaware",blue,generation-ii
196,espeon,psychic,,65,65,60,130,95,110,9,265,"synchronize,magic-bounce",purple,generation-ii
197,umbreon,dark,,95,65,110,60,130,65,10,270,"synchronize,inner-focus",black,generation-ii
198,murkrow,dark,flying,60,85,42,85,42,91,5,21,"insomnia,super-luck,prankster",black,generation-ii
199,slowking,water,psychic,95,75,80,100,110,30,20,795,"oblivious,own-tempo,regenerator",pink,generation-ii
200,misdreavus,ghost,,60,60,60,85,85,85,7,10,levitate,gray,generation-ii
201,unown,psychic,,48,72,48,72,48,48,5,50,levitate,black,generation-ii
203,girafarig,normal,psychic,70,80,65,90,65,85,15,415,"inner-focus,early-bird,sap-sipper",yellow,generation-ii
204,pineco,bug,,50,65,90,35,35,15,6,72,"sturdy,overcoat",gray,generation-ii
205,forretress,bug,steel,75,90,140,60,60,40,12,1258,"sturdy,overcoat",purple,generation-ii
206,dunsparce,normal,,100,70,70,65,65,45,15,140,"serene-grace,run-away,rattled",yellow,generation-ii
207,gligar,ground,flying,65,75,105,35,65,85,11,648,"hyper-cutter,sand-veil,immunity",purple,generation-ii
208,steelix,steel,ground,75,85,200,55,65,30,92,4000,"rock-head,sturdy,sheer-force",gray,generation-ii
209,snubbull,fairy,,60,80,50,40,40,30,6,78,"intimidate,run-away,rattled",pink,generation-ii
210,granbull,fairy,,90,120,75,60,60,45,14,487,"intimidate,quick-feet,rattled",purple,generation-ii
211,qwilfish,water,poison,65,95,85,55,55,85,5,39,"poison-point,swift-swim,intimidate",gray,generation-ii
212,scizor,bug,steel,70,130,100,55,80,65,18,1180,"swarm,technician,light-metal",red,generation-ii
213,shuckle,bug,rock,20,10,230,10,230,5,6,205,"sturdy,gluttony,contrary",yellow,generation-ii
214,heracross,bug,fighting,80,125,75,40,95,85,15,540,"swarm,guts,moxie",blue,generation-ii
215,sneasel,dark,ice,55,95,55,35,75,115,9,280,"inner-focus,keen-eye,pickpocket",black,generation-ii
216,teddiursa,normal,,60,80,50,50,50,40,6,88,"pickup,quick-feet,honey-gather",brown,generation-ii
217,ursaring,normal,,90,130,75,75,75,55,18,1258,"guts,quick-feet,unnerve",brown,generation-ii
218,slugma,fire,,40,40,40,70,40,20,7,350,"magma-armor,flame-body,weak-armor",red,generation-ii
219,magcargo,fire,rock,60,50,120,90,80,30,8,550,"magma-armor,flame-body,weak-armor",red,generation-ii
220,swinub,ice,ground,50,50,40,30,30,50,4,65,"oblivious,snow-cloak,thick-fat",brown,generation-ii
221,piloswine,ice,ground,100,100,80,60,60,50,11,558,"oblivious,snow-cloak,thick-fat",brown,generation-ii
222,corsola,water,rock,65,55,95,65,95,35,6,50,"hustle,natural-cure,regenerator",pink,generation-ii
223,remoraid,water,,35,65,35,65,35,65,6,120,"hustle,sniper,moody",gray,generation-ii
224,octillery,water,,75,105,75,105,75,45,9,285,"suction-cups,sniper,moody",red,generation-ii
225,delibird,ice,flying,45,55,45,65,45,75,9,160,"vital-spirit,hustle,insomnia",red,generation-ii
226,mantine,water,flying,85,40,70,80,140,70,21,2200,"swift-swim,water-absorb,water-veil",purple,generation-ii
227,skarmory,steel,flying,65,80,140,40,70,70,17,505,"keen-eye,sturdy,weak-armor",gray,generation-ii
228,houndour,dark,fire,45,60,30,80,50,65,6,108,"early-bird,flash-fire,unnerve",black,generation-ii
229,houndoom,dark,fire,75,90,50,110,80,95,14,350,"early-bird,flash-fire,unnerve",black,generation-ii
230,kingdra,water,dragon,75,95,95,95,95,85,18,1520,"swift-swim,sniper,damp",blue,generation-ii
231,phanpy,ground,,90,60,60,40,40,40,5,335,"pickup,sand-veil",blue,generation-ii
232,donphan,ground,,90,120,120,60,60,50,11,1200,"sturdy,sand-veil",gray,generation-ii
233,porygon2,normal,,85,80,90,105,95,60,6,325,"trace,download,analytic",red,generation-ii
234,stantler,normal,,73,95,62,85,65,85,14,712,"intimidate,frisk,sap-sipper",brown,generation-ii
235,smeargle,normal,,55,20,35,20,45,75,12,580,"own-tempo,technician,moody",white,generation-ii
236,tyrogue,fighting,,35,35,35,35,35,35,7,210,"guts,steadfast,vital-spirit",purple,generation-ii
237,hitmontop,fighting,,50,95,95,35,110,70,14,480,"intimidate,technician,steadfast",brown,generation-ii
238,smoochum,ice,psychic,45,30,15,85,65,65,4,60,"oblivious,forewarn,hydration",pink,generation-ii
239,elekid,electric,,45,63,37,65,55,95,6,235,"static,vital-spirit",yellow,generation-ii
240,magby,fire,,45,75,37,70,55,83,7,214,"flame-body,vital-spirit",red,generation-ii
241,miltank,normal,,95,80,105,40,70,100,12,755,"thick-fat,scrappy,sap-sipper",pink,generation-ii
242,blissey,normal,,255,10,10,75,135,55,15,468,"natural-cure,serene-grace,healer",pink,generation-ii
243,raikou,electric,,90,85,75,115,100,115,19,1780,"pressure,inner-focus",yellow,generation-ii
244,entei,fire,,115,115,85,90,75,100,21,1980,"pressure,inner-focus",brown,generation-ii
245,suicune,water,,100,75,115,90,115,85,20,1870,"pressure,inner-focus",blue,generation-ii
246,larvitar,rock,ground,50,64,50,45,50,41,6,720,"guts,sand-veil",green,generation-ii
247,pupitar,rock,ground,70,84,70,65,70,51,12,1520,shed-skin,gray,generation-ii
248,tyranitar,rock,dark,100,134,110,95,100,61,20,2020,"sand-stream,unnerve",green,generation-ii
249,lugia,psychic,flying,106,90,130,90,154,110,52,2160,"pressure,multiscale",white,generation-ii
250,ho-oh,fire,flying,106,130,90,110,154,90,38,1990,"pressure,regenerator",red,generation-ii
251,celebi,psychic,grass,100,100,100,100,100,100,6,50,natural-cure,green,generation-ii
252,treecko,grass,,40,45,35,65,55,70,5,50,"overgrow,unburden",green,generation-iii
253,grovyle,grass,,50,65,45,85,65,95,9,216,"overgrow,unburden",green,generation-iii
254,sceptile,grass,,70,85,65,105,85,120,17,522,"overgrow,unburden",green,generation-iii
255,torchic,fire,,45,60,40,70,50,45,4,25,"blaze,speed-boost",red,generation-iii
256,combusken,fire,fighting,60,85,60,85,60,55,9,195,"blaze,speed-boost",red,generation-iii
257,blaziken,fire,fighting,80,120,70,110,70,80,19,520,"blaze,speed-boost",red,generation-iii
258,mudkip,water,,50,70,50,50,50,40,4,76,"torrent,damp",blue,generation-iii
259,marshtomp,water,ground,70,85,70,60,70,50,7,280,"torrent,damp",blue,generation-iii
260,swampert,water,ground,100,110,90,85,90,60,15,819,"torrent,damp",blue,generation-iii
261,poochyena,dark,,35,55,35,30,30,35,5,136,"run-away,quick-feet,rattled",gray,generation-iii
262,mightyena,dark,,70,90,70,60,60,70,10,370,"intimidate,quick-feet,moxie",gray,generation-iii
263,zigzagoon,normal,,38,30,41,30,41,60,4,175,"pickup,gluttony,quick-feet",brown,generation-iii
265,wurmple,bug,,45,45,35,20,30,20,3,36,"shield-dust,run-away",red,generation-iii
266,silcoon,bug,,50,35,55,25,25,15,6,100,shed-skin,white,generation-iii
267,beautifly,bug,flying,60,70,50,100,50,65,10,284,"swarm,rivalry",yellow,generation-iii
268,cascoon,bug,,50,35,55,25,25,15,7,115,shed-skin,purple,generation-iii
269,dustox,bug,poison,60,50,70,50,90,65,12,316,"shield-dust,compound-eyes",green,generation-iii
270,lotad,water,grass,40,30,30,40,50,30,5,26,"swift-swim,rain-dish,own-tempo",green,generation-iii
271,lombre,water,grass,60,50,50,60,70,50,12,325,"swift-swim,rain-dish,own-tempo",green,generation-iii
272,ludicolo,water,grass,80,70,70,90,100,70,15,550,"swift-swim,rain-dish,own-tempo",green,generation-iii
273,seedot,grass,,40,40,50,30,30,30,5,40,"chlorophyll,early-bird,pickpocket",brown,generation-iii
274,nuzleaf,grass,dark,70,70,40,60,40,60,10,280,"chlorophyll,early-bird,pickpocket",brown,generation-iii
275,shiftry,grass,dark,90,100,60,90,60,80,13,596,"chlorophyll,wind-rider,pickpocket",brown,generation-iii
276,taillow,normal,flying,40,55,30,30,30,85,3,23,"guts,scrappy",blue,generation-iii
277,swellow,normal,flying,60,85,60,75,50,125,7,198,"guts,scrappy",blue,generation-iii
278,wingull,water,flying,40,30,30,55,30,85,6,95,"keen-eye,hydration,rain-dish",white,generation-iii
279,pelipper,water,flying,60,50,100,95,70,65,12,280,"keen-eye,drizzle,rain-dish",yellow,generation-iii
280,ralts,psychic,fairy,28,25,25,45,35,40,4,66,"synchronize,trace,telepathy",white,generation-iii
281,kirlia,psychic,fairy,38,35,35,65,55,50,8,202,"synchronize,trace,telepathy",white,generation-iii
282,gardevoir,psychic,fairy,68,65,65,125,115,80,16,484,"synchronize,trace,telepathy",white,generation-iii
283,surskit,bug,water,40,30,32,50,52,65,5,17,"swift-swim,rain-dish",blue,generation-iii
284,masquerain,bug,flying,70,60,62,100,82,80,8,36,"intimidate,unnerve",blue,generation-iii
285,shroomish,grass,,60,40,60,40,60,35,4,45,"effect-spore,poison-heal,quick-feet",brown,generation-iii
286,breloom,grass,fighting,60,130,80,60,60,70,12,392,"effect-spore,poison-heal,technician",green,generation-iii
287,slakoth,normal,,60,60,60,35,35,30,8,240,truant,brown,generation-iii
288,vigoroth,normal,,80,80,80,55,55,90,14,465,vital-spirit,white,generation-iii
289,slaking,normal,,150,160,100,95,65,100,20,1305,truant,brown,generation-iii
290,nincada,bug,ground,31,45,90,30,30,40,5,55,"compound-eyes,run-away",gray,generation-iii
291,ninjask,bug,flying,61,90,45,50,50,160,8,120,"speed-boost,infiltrator",yellow,generation-iii
292,shedinja,bug,ghost,1,90,45,30,30,40,8,12,wonder-guard,brown,generation-iii
293,whismur,normal,,64,51,23,51,23,28,6,163,"soundproof,rattled",pink,generation-iii
294,loudred,normal,,84,71,43,71,43,48,10,405,"soundproof,scrappy",blue,generation-iii
295,exploud,normal,,104,91,63,91,73,68,15,840,"soundproof,scrappy",blue,generation-iii
296,makuhita,fighting,,72,60,30,20,30,25,10,864,"thick-fat,guts,sheer-force",yellow,generation-iii
297,hariyama,fighting,,144,120,60,40,60,50,23,2538,"thick-fat,guts,sheer-force",brown,generation-iii
298,azurill,normal,fairy,50,20,40,20,40,20,2,20,"thick-fat,huge-power,sap-sipper",blue,generation-iii
299,nosepass,rock,,30,45,135,45,90,30,10,970,"sturdy,magnet-pull,sand-force",gray,generation-iii
300,skitty,normal,,50,45,45,35,35,50,6,110,"cute-charm,normalize,wonder-skin",pink,generation-iii
301,delcatty,normal,,70,65,65,55,55,90,11,326,"cute-charm,normalize,wonder-skin",purple,generation-iii
302,sableye,dark,ghost,50,75,75,65,65,50,5,110,"keen-eye,stall,prankster",purple,generation-iii
303,mawile,steel,fairy,50,85,85,55,55,50,6,115,"hyper-cutter,intimidate,sheer-force",black,generation-iii
304,aron,steel,rock,50,70,100,40,40,30,4,600,"sturdy,rock-head,heavy-metal",gray,generation-iii
305,lairon,steel,rock,60,90,140,50,50,40,9,1200,"sturdy,rock-head,heavy-metal",gray,generation-iii
306,aggron,steel,rock,70,110,180,60,60,50,21,3600,"sturdy,rock-head,heavy-metal",gray,generation-iii
307,meditite,fighting,psychic,30,40,55,40,55,60,6,112,"pure-power,telepathy",blue,generation-iii
308,medicham,fighting,psychic,60,60,75,60,75,80,13,315,"pure-power,telepathy",red,generation-iii
309,electrike,electric,,40,45,40,65,40,65,6,152,"static,lightning-rod,minus",green,generation-iii
310,manectric,electric,,70,75,60,105,60,105,15,402,"static,lightning-rod,minus",yellow,generation-iii
311,plusle,electric,,60,50,40,85,75,95,4,42,"plus,lightning-rod",yellow,generation-iii
312,minun,electric,,60,40,50,75,85,95,4,42,"minus,volt-absorb",yellow,generation-iii
313,volbeat,bug,,65,73,75,47,85,85,7,177,"illuminate,swarm,prankster",gray,generation-iii
314,illumise,bug,,65,47,75,73,85,85,6,177,"oblivious,tinted-lens,prankster",purple,generation-iii
315,roselia,grass,poison,50,60,45,100,80,65,3,20,"natural-cure,poison-point,leaf-guard",green,generation-iii
316,gulpin,poison,,70,43,53,43,53,40,4,103,"liquid-ooze,sticky-hold,gluttony",green,generation-iii
317,swalot,poison,,100,73,83,73,83,55,17,800,"liquid-ooze,sticky-hold,gluttony",purple,generation-iii
318,carvanha,water,dark,45,90,20,65,20,65,8,208,"rough-skin,speed-boost",red,generation-iii
319,sharpedo,water,dark,70,120,40,95,40,95,18,888,"rough-skin,speed-boost",blue,generation-iii
320,wailmer,water,,130,70,35,70,35,60,20,1300,"water-veil,oblivious,pressure",blue,generation-iii
321,wailord,water,,170,90,45,90,45,60,145,3980,"water-veil,oblivious,pressure",blue,generation-iii
322,numel,fire,ground,60,60,40,65,45,35,7,240,"oblivious,simple,own-tempo",yellow,generation-iii
323,camerupt,fire,ground,70,100,70,105,75,40,19,2200,"magma-armor,solid-rock,anger-point",red,generation-iii
324,torkoal,fire,,70,85,140,85,70,20,5,804,"white-smoke,drought,shell-armor",brown,generation-iii
325,spoink,psychic,,60,25,35,70,80,60,7,306,"thick-fat,own-tempo,gluttony",black,generation-iii
326,grumpig,psychic,,80,45,65,90,110,80,9,715,"thick-fat,own-tempo,gluttony",purple,generation-iii
327,spinda,normal,,60,60,60,60,60,60,11,50,"own-tempo,tangled-feet,contrary",brown,generation-iii
328,trapinch,ground,,45,100,45,45,45,10,7,150,"hyper-cutter,arena-trap,sheer-force",brown,generation-iii
329,vibrava,ground,dragon,50,70,50,50,50,70,11,153,levitate,green,generation-iii
330,flygon,ground,dragon,80,100,80,80,80,100,20,820,levitate,green,generation-iii
331,cacnea,grass,,50,85,40,85,40,35,4,513,"sand-veil,water-absorb",green,generation-iii
332,cacturne,grass,dark,70,115,60,115,60,55,13,774,"sand-veil,water-absorb",green,generation-iii
333,swablu,normal,flying,45,40,60,40,75,50,4,12,"natural-cure,cloud-nine",blue,generation-iii
334,altaria,dragon,flying,75,70,90,70,105,80,11,206,"natural-cure,cloud-nine",blue,generation-iii
335,zangoose,normal,,73,115,60,60,60,90,13,403,"immunity,toxic-boost",white,generation-iii
336,seviper,poison,,73,100,60,100,60,65,27,525,"shed-skin,infiltrator",black,generation-iii
337,lunatone,rock,psychic,90,55,65,95,85,70,10,1680,levitate,yellow,generation-iii
338,solrock,rock,psychic,90,95,85,55,65,70,12,1540,levitate,red,generation-iii
339,barboach,water,ground,50,48,43,46,41,60,4,19,"oblivious,anticipation,hydration",gray,generation-iii
340,whiscash,water,ground,110,78,73,76,71,60,9,236,"oblivious,anticipation,hydration",blue,generation-iii
341,corphish,water,,43,80,65,50,35,35,6,115,"hyper-cutter,shell-armor,adaptability",red,generation-iii
342,crawdaunt,water,dark,63,120,85,90,55,55,11,328,"hyper-cutter,shell-armor,adaptability",red,generation-iii
343,baltoy,ground,psychic,40,40,55,40,70,55,5,215,levitate,brown,generation-iii
344,claydol,ground,psychic,60,70,105,70,120,75,15,1080,levitate,black,generation-iii
345,lileep,rock,grass,66,41,77,61,87,23,10,238,"suction-cups,storm-drain",purple,generation-iii
346,cradily,rock,grass,86,81,97,81,107,43,15,604,"suction-cups,storm-drain",green,generation-iii
347,anorith,rock,bug,45,95,50,40,50,75,7,125,"battle-armor,swift-swim",gray,generation-iii
348,armaldo,rock,bug,75,125,100,70,80,45,15,682,"battle-armor,swift-swim",gray,generation-iii
349,feebas,water,,20,15,20,10,55,80,6,74,"swift-swim,oblivious,adaptability",brown,generation-iii
350,milotic,water,,95,60,79,100,125,81,62,1620,"marvel-scale,competitive,cute-charm",pink,generation-iii
351,castform,normal,,70,70,70,70,70,70,3,8,forecast,gray,generation-iii
352,kecleon,normal,,60,90,70,60,120,40,10,220,"color-change,protean",green,generation-iii
353,shuppet,ghost,,44,75,35,63,33,45,6,23,"insomnia,frisk,cursed-body",black,generation-iii
354,banette,ghost,,64,115,65,83,63,65,11,125,"insomnia,frisk,cursed-body",black,generation-iii
355,duskull,ghost,,20,40,90,30,90,25,8,150,"levitate,frisk",black,generation-iii
356,dusclops,ghost,,40,70,130,60,130,25,16,306,"pressure,frisk",black,generation-iii
357,tropius,grass,flying,99,68,83,72,87,51,20,1000,"chlorophyll,solar-power,harvest",green,generation-iii
358,chimecho,psychic,,75,50,80,95,90,65,6,10,levitate,blue,generation-iii
359,absol,dark,,65,130,60,75,60,75,12,470,"pressure,super-luck,justified",white,generation-iii
360,wynaut,psychic,,95,23,48,23,48,23,6,140,"shadow-tag,telepathy",blue,generation-iii
361,snorunt,ice,,50,50,50,50,50,50,7,168,"inner-focus,ice-body,moody",gray,generation-iii
362,glalie,ice,,80,80,80,80,80,80,15,2565,"inner-focus,ice-body,moody",gray,generation-iii
363,spheal,ice,water,70,40,50,55,50,25,8,395,"thick-fat,ice-body,oblivious",blue,generation-iii
364,sealeo,ice,water,90,60,70,75,70,45,11,876,"thick-fat,ice-body,oblivious",blue,generation-iii
365,walrein,ice,water,110,80,90,95,90,65,14,1506,"thick-fat,ice-body,oblivious",blue,generation-iii
366,clamperl,water,,35,64,85,74,55,32,4,525,"shell-armor,rattled",blue,generation-iii
367,huntail,water,,55,104,105,94,75,52,17,270,"swift-swim,water-veil",blue,generation-iii
368,gorebyss,water,,55,84,105,114,75,52,18,226,"swift-swim,hydration",pink,generation-iii
369,relicanth,water,rock,100,90,130,45,65,55,10,234,"swift-swim,rock-head,sturdy",gray,generation-iii
370,luvdisc,water,,43,30,55,40,65,97,6,87,"swift-swim,hydration",pink,generation-iii
371,bagon,dragon,,45,75,60,40,30,50,6,421,"rock-head,sheer-force",blue,generation-iii
372,shelgon,dragon,,65,95,100,60,50,50,11,1105,"rock-head,overcoat",white,generation-iii
373,salamence,dragon,flying,95,135,80,110,80,100,15,1026,"intimidate,moxie",blue,generation-iii
374,beldum,steel,psychic,40,55,80,35,60,30,6,952,"clear-body,light-metal",blue,generation-iii
375,metang,steel,psychic,60,75,100,55,80,50,12,2025,"clear-body,light-metal",blue,generation-iii
376,metagross,steel,psychic,80,135,130,95,90,70,16,5500,"clear-body,light-metal",blue,generation-iii
377,regirock,rock,,80,100,200,50,100,50,17,2300,"clear-body,sturdy",brown,generation-iii
378,regice,ice,,80,50,100,100,200,50,18,1750,"clear-body,ice-body",blue,generation-iii
379,registeel,steel,,80,75,150,75,150,50,19,2050,"clear-body,light-metal",gray,generation-iii
380,latias,dragon,psychic,80,80,90,110,130,110,14,400,levitate,red,generation-iii
381,latios,dragon,psychic,80,90,80,130,110,110,20,600,levitate,blue,generation-iii
382,kyogre,water,,100,100,90,150,140,90,45,3520,drizzle,blue,generation-iii
383,groudon,ground,,100,150,140,100,90,90,35,9500,drought,red,generation-iii
384,rayquaza,dragon,flying,105,150,90,150,90,95,70,2065,air-lock,green,generation-iii
385,jirachi,steel,psychic,100,100,100,100,100,100,3,11,serene-grace,yellow,generation-iii
386,deoxys-normal,psychic,,50,150,50,150,50,150,17,608,pressure,red,generation-iii
387,turtwig,grass,,55,68,64,45,55,31,4,102,"overgrow,shell-armor",green,generation-iv
388,grotle,grass,,75,89,85,55,65,36,11,970,"overgrow,shell-armor",green,generation-iv
389,torterra,grass,ground,95,109,105,75,85,56,22,3100,"overgrow,shell-armor",green,generation-iv
390,chimchar,fire,,44,58,44,58,44,61,5,62,"blaze,iron-fist",brown,generation-iv
391,monferno,fire,fighting,64,78,52,78,52,81,9,220,"blaze,iron-fist",brown,generation-iv
392,infernape,fire,fighting,76,104,71,104,71,108,12,550,"blaze,iron-fist",brown,generation-iv
393,piplup,water,,53,51,53,61,56,40,4,52,"torrent,competitive",blue,generation-iv
394,prinplup,water,,64,66,68,81,76,50,8,230,"torrent,competitive",blue,generation-iv
395,empoleon,water,steel,84,86,88,111,101,60,17,845,"torrent,competitive",blue,generation-iv
396,starly,normal,flying,40,55,30,30,30,60,3,20,"keen-eye,reckless",brown,generation-iv
397,staravia,normal,flying,55,75,50,40,40,80,6,155,"intimidate,reckless",brown,generation-iv
398,staraptor,normal,flying,85,120,70,50,60,100,12,249,"intimidate,reckless",brown,generation-iv
399,bidoof,normal,,59,45,40,35,40,31,5,200,"simple,unaware,moody",brown,generation-iv
400,bibarel,normal,water,79,85,60,55,60,71,10,315,"simple,unaware,moody",brown,generation-iv
401,kricketot,bug,,37,25,41,25,41,25,3,22,"shed-skin,run-away",red,generation-iv
402,kricketune,bug,,77,85,51,55,51,65,10,255,"swarm,technician",red,generation-iv
403,shinx,electric,,45,65,34,40,34,45,5,95,"rivalry,intimidate,guts",blue,generation-iv
404,luxio,electric,,60,85,49,60,49,60,9,305,"rivalry,intimidate,guts",blue,generation-iv
405,luxray,electric,,80,120,79,95,79,70,14,420,"rivalry,intimidate,guts",blue,generation-iv
406,budew,grass,poison,40,30,35,50,70,55,2,12,"natural-cure,poison-point,leaf-guard",green,generation-iv
407,roserade,grass,poison,60,70,65,125,105,90,9,145,"natural-cure,poison-point,technician",green,generation-iv
408,cranidos,rock,,67,125,40,30,30,58,9,315,"mold-breaker,sheer-force",blue,generation-iv
409,rampardos,rock,,97,165,60,65,50,58,16,1025,"mold-breaker,sheer-force",blue,generation-iv
410,shieldon,rock,steel,30,42,118,42,88,30,5,570,"sturdy,soundproof",gray,generation-iv
411,bastiodon,rock,steel,60,52,168,47,138,30,13,1495,"sturdy,soundproof",gray,generation-iv
412,burmy,bug,,40,29,45,29,45,36,2,34,"shed-skin,overcoat",green,generation-iv
413,wormadam-plant,bug,grass,60,59,85,79,105,36,5,65,"anticipation,overcoat",green,generation-iv
414,mothim,bug,flying,70,94,50,94,50,66,9,233,"swarm,tinted-lens",yellow,generation-iv
415,combee,bug,flying,30,30,42,30,42,70,3,55,"honey-gather,hustle",yellow,generation-iv
416,vespiquen,bug,flying,70,80,102,80,102,40,12,385,"pressure,unnerve",yellow,generation-iv
417,pachirisu,electric,,60,45,70,45,90,95,4,39,"run-away,pickup,volt-absorb",white,generation-iv
418,buizel,water,,55,65,35,60,30,85,7,295,"swift-swim,water-veil",brown,generation-iv
420,cherubi,grass,,45,35,45,62,53,35,4,33,chlorophyll,pink,generation-iv
421,cherrim,grass,,70,60,70,87,78,85,5,93,flower-gift,purple,generation-iv
422,shellos,water,,76,48,48,57,62,34,3,63,"sticky-hold,storm-drain,sand-force",purple,generation-iv
423,gastrodon,water,ground,111,83,68,92,82,39,9,299,"sticky-hold,storm-drain,sand-force",purple,generation-iv
424,ambipom,normal,,75,100,66,60,66,115,12,203,"technician,pickup,skill-link",purple,generation-iv
425,drifloon,ghost,flying,90,50,34,60,44,70,4,12,"aftermath,unburden,flare-boost",purple,generation-iv
426,drifblim,ghost,flying,150,80,44,90,54,80,12,150,"aftermath,unburden,flare-boost",purple,generation-iv
427,buneary,normal,,55,66,44,44,56,85,4,55,"run-away,klutz,limber",brown,generation-iv
428,lopunny,normal,,65,76,84,54,96,105,12,333,"cute-charm,klutz,limber",brown,generation-iv
429,mismagius,ghost,,60,60,60,105,105,105,9,44,levitate,purple,generation-iv
430,honchkrow,dark,flying,100,125,52,105,52,71,9,273,"insomnia,super-luck,moxie",black,generation-iv
431,glameow,normal,,49,55,42,42,37,85,5,39,"limber,own-tempo,keen-eye",gray,generation-iv
432,purugly,normal,,71,82,64,64,59,112,10,438,"thick-fat,own-tempo,defiant",gray,generation-iv
433,chingling,psychic,,45,30,50,65,50,45,2,6,levitate,yellow,generation-iv
434,stunky,poison,dark,63,63,47,41,41,74,4,192,"stench,aftermath,keen-eye",purple,generation-iv
435,skuntank,poison,dark,103,93,67,71,61,84,10,380,"stench,aftermath,keen-eye",purple,generation-iv
436,bronzor,steel,psychic,57,24,86,24,86,23,5,605,"levitate,heatproof,heavy-metal",green,generation-iv
437,bronzong,steel,psychic,67,89,116,79,116,33,13,1870,"levitate,heatproof,heavy-metal",green,generation-iv
438,bonsly,rock,,50,80,95,10,45,10,5,150,"sturdy,rock-head,rattled",brown,generation-iv
439,mime-jr,psychic,fairy,20,25,45,70,90,60,6,130,"soundproof,filter,technician",pink,generation-iv
440,happiny,normal,,100,5,5,15,65,30,6,244,"natural-cure,serene-grace,friend-guard",pink,generation-iv
441,chatot,normal,flying,76,65,45,92,42,91,5,19,"keen-eye,tangled-feet,big-pecks",black,generation-iv
442,spiritomb,ghost,dark,50,92,108,92,108,35,10,1080,"pressure,infiltrator",purple,generation-iv
443,gible,dragon,ground,58,70,45,40,45,42,7,205,"sand-veil,rough-skin",blue,generation-iv
444,gabite,dragon,ground,68,90,65,50,55,82,14,560,"sand-veil,rough-skin",blue,generation-iv
445,garchomp,dragon,ground,108,130,95,80,85,102,19,950,"sand-veil,rough-skin",blue,generation-iv
446,munchlax,normal,,135,85,40,40,85,5,6,1050,"pickup,thick-fat,gluttony",black,generation-iv
447,riolu,fighting,,40,70,40,35,40,60,7,202,"steadfast,inner-focus,prankster",blue,generation-iv
448,lucario,fighting,steel,70,110,70,115,70,90,12,540,"steadfast,inner-focus,justified",blue,generation-iv
449,hippopotas,ground,,68,72,78,38,42,32,8,495,"sand-stream,sand-force",brown,generation-iv
450,hippowdon,ground,,108,112,118,68,72,47,20,3000,"sand-stream,sand-force",brown,generation-iv
451,skorupi,poison,bug,40,50,90,30,55,65,8,120,"battle-armor,sniper,keen-eye",purple,generation-iv
452,drapion,poison,dark,70,90,110,60,75,95,13,615,"battle-armor,sniper,keen-eye",purple,generation-iv
453,croagunk,poison,fighting,48,61,40,61,40,50,7,230,"anticipation,dry-skin,poison-touch",blue,generation-iv
454,toxicroak,poison,fighting,83,106,65,86,65,85,13,444,"anticipation,dry-skin,poison-touch",blue,generation-iv
455,carnivine,grass,,74,100,72,90,72,46,14,270,levitate,green,generation-iv
456,finneon,water,,49,49,56,49,61,66,4,70,"swift-swim,storm-drain,water-veil",blue,generation-iv
457,lumineon,water,,69,69,76,69,86,91,12,240,"swift-swim,storm-drain,water-veil",blue,generation-iv
458,mantyke,water,flying,45,20,50,60,120,50,10,650,"swift-swim,water-absorb,water-veil",blue,generation-iv
459,snover,grass,ice,60,62,50,62,60,40,10,505,"snow-warning,soundproof",white,generation-iv
460,abomasnow,grass,ice,90,92,75,92,85,60,22,1355,"snow-warning,soundproof",white,generation-iv
461,weavile,dark,ice,70,120,65,45,85,125,11,340,"pressure,pickpocket",black,generation-iv
462,magnezone,electric,steel,70,70,115,130,90,60,12,1800,"magnet-pull,sturdy,analytic",gray,generation-iv
463,lickilicky,normal,,110,85,95,80,95,50,17,1400,"own-tempo,oblivious,cloud-nine",pink,generation-iv
464,rhyperior,ground,rock,115,140,130,55,55,40,24,2828,"lightning-rod,solid-rock,reckless",gray,generation-iv
465,tangrowth,grass,,100,100,125,110,50,50,20,1286,"chlorophyll,leaf-guard,regenerator",blue,generation-iv
466,electivire,electric,,75,123,67,95,85,95,18,1386,"motor-drive,vital-spirit",yellow,generation-iv
467,magmortar,fire,,75,95,67,125,95,83,16,680,"flame-body,vital-spirit",red,generation-iv
468,togekiss,fairy,flying,85,50,95,120,115,80,15,380,"hustle,serene-grace,super-luck",white,generation-iv
469,yanmega,bug,flying,86,76,86,116,56,95,19,515,"speed-boost,tinted-lens,frisk",green,generation-iv
470,leafeon,grass,,65,110,130,60,65,95,10,255,"leaf-guard,chlorophyll",green,generation-iv
471,glaceon,ice,,65,60,110,130,95,65,8,259,"snow-cloak,ice-body",blue,generation-iv
472,gliscor,ground,flying,75,95,125,45,75,95,20,425,"hyper-cutter,sand-veil,poison-heal",purple,generation-iv
473,mamoswine,ice,ground,110,130,80,70,60,80,25,2910,"oblivious,snow-cloak,thick-fat",brown,generation-iv
474,porygon-z,normal,,85,80,70,135,75,90,9,340,"adaptability,download,analytic",red,generation-iv
475,gallade,psychic,fighting,68,125,65,65,115,80,16,520,"steadfast,sharpness,justified",white,generation-iv
476,probopass,rock,steel,60,55,145,75,150,40,14,3400,"sturdy,magnet-pull,sand-force",gray,generation-iv
477,dusknoir,ghost,,45,100,135,65,135,45,22,1066,"pressure,frisk",black,generation-iv
478,froslass,ice,ghost,70,80,70,80,70,110,13,266,"snow-cloak,cursed-body",white,generation-iv
479,rotom,electric,ghost,50,50,77,95,77,91,3,3,levitate,red,generation-iv
480,uxie,psychic,,75,75,130,75,130,95,3,3,levitate,yellow,generation-iv
481,mesprit,psychic,,80,105,105,105,105,80,3,3,levitate,pink,generation-iv
482,azelf,psychic,,75,125,70,125,70,115,3,3,levitate,blue,generation-iv
483,dialga,steel,dragon,100,120,120,150,100,90,54,6830,"pressure,telepathy",white,generation-iv
484,palkia,water,dragon,90,120,100,150,120,100,42,3360,"pressure,telepathy",purple,generation-iv
485,heatran,fire,steel,91,90,106,130,106,77,17,4300,"flash-fire,flame-body",brown,generation-iv
486,regigigas,normal,,110,160,110,80,110,100,37,4200,slow-start,white,generation-iv
487,giratina-altered,ghost,dragon,150,100,120,100,120,90,45,7500,"pressure,telepathy",black,generation-iv
488,cresselia,psychic,,120,70,110,75,120,85,15,856,levitate,yellow,generation-iv
489,phione,water,,80,80,80,80,80,80,4,31,hydration,blue,generation-iv
490,manaphy,water,,100,100,100,100,100,100,3,14,hydration,blue,generation-iv
491,darkrai,dark,,70,90,90,135,90,125,15,505,bad-dreams,black,generation-iv
492,shaymin-land,grass,,100,100,100,100,100,100,2,21,natural-cure,green,generation-iv
493,arceus,normal,,120,120,120,120,120,120,32,3200,multitype,white,generation-iv
494,victini,psychic,fire,100,100,100,100,100,100,4,40,victory-star,yellow,generation-v
495,snivy,grass,,45,45,55,45,55,63,6,81,"overgrow,contrary",green,generation-v
496,servine,grass,,60,60,75,60,75,83,8,160,"overgrow,contrary",green,generation-v
497,serperior,grass,,75,75,95,75,95,113,33,630,"overgrow,contrary",green,generation-v
498,tepig,fire,,65,63,45,45,45,45,5,99,"blaze,thick-fat",red,generation-v
499,pignite,fire,fighting,90,93,55,70,55,55,10,555,"blaze,thick-fat",red,generation-v
500,emboar,fire,fighting,110,123,65,100,65,65,16,1500,"blaze,reckless",red,generation-v
501,oshawott,water,,55,55,45,63,45,45,5,59,"torrent,shell-armor",blue,generation-v
502,dewott,water,,75,75,60,83,60,60,8,245,"torrent,shell-armor",blue,generation-v
503,samurott,water,,95,100,85,108,70,70,15,946,"torrent,shell-armor",blue,generation-v
504,patrat,normal,,45,55,39,35,39,42,5,116,"run-away,keen-eye,analytic",brown,generation-v
505,watchog,normal,,60,85,69,60,69,77,11,270,"illuminate,keen-eye,analytic",brown,generation-v
506,lillipup,normal,,45,60,45,25,45,55,4,41,"vital-spirit,pickup,run-away",brown,generation-v
507,herdier,normal,,65,80,65,35,65,60,9,147,"intimidate,sand-rush,scrappy",gray,generation-v
508,stoutland,normal,,85,110,90,45,90,80,12,610,"intimidate,sand-rush,scrappy",gray,generation-v
509,purrloin,dark,,41,50,37,50,37,66,4,101,"limber,unburden,prankster",purple,generation-v
510,liepard,dark,,64,88,50,88,50,106,11,375,"limber,unburden,prankster",purple,generation-v
511,pansage,grass,,50,53,48,53,48,64,6,105,"gluttony,overgrow",green,generation-v
512,simisage,grass,,75,98,63,98,63,101,11,305,"gluttony,overgrow",green,generation-v
513,pansear,fire,,50,53,48,53,48,64,6,110,"gluttony,blaze",red,generation-v
514,simisear,fire,,75,98,63,98,63,101,10,280,"gluttony,blaze",red,generation-v
515,panpour,water,,50,53,48,53,48,64,6,135,"gluttony,torrent",blue,generation-v
516,simipour,water,,75,98,63,98,63,101,10,290,"gluttony,torrent",blue,generation-v
517,munna,psychic,,76,25,45,67,55,24,6,233,"forewarn,synchronize,telepathy",pink,generation-v
518,musharna,psychic,,116,55,85,107,95,29,11,605,"forewarn,synchronize,telepathy",pink,generation-v
519,pidove,normal,flying,50,55,50,36,30,43,3,21,"big-pecks,super-luck,rivalry",gray,generation-v
520,tranquill,normal,flying,62,77,62,50,42,65,6,150,"big-pecks,super-luck,rivalry",gray,generation-v
521,unfezant,normal,flying,80,115,80,65,55,93,12,290,"big-pecks,super-luck,rivalry",gray,generation-v
522,blitzle,electric,,45,60,32,50,32,76,8,298,"lightning-rod,motor-drive,sap-sipper",black,generation-v
523,zebstrika,electric,,75,100,63,80,63,116,16,795,"lightning-rod,motor-drive,sap-sipper",black,generation-v
524,roggenrola,rock,,55,75,85,25,25,15,4,180,"sturdy,weak-armor,sand-force",blue,generation-v
525,boldore,rock,,70,105,105,50,40,20,9,1020,"sturdy,weak-armor,sand-force",blue,generation-v
526,gigalith,rock,,85,135,130,60,80,25,17,2600,"sturdy,sand-stream,sand-force",blue,generation-v
527,woobat,psychic,flying,65,45,43,55,43,72,4,21,"unaware,klutz,simple",blue,generation-v
528,swoobat,psychic,flying,67,57,55,77,55,114,9,105,"unaware,klutz,simple",blue,generation-v
529,drilbur,ground,,60,85,40,30,45,68,3,85,"sand-rush,sand-force,mold-breaker",gray,generation-v
530,excadrill,ground,steel,110,135,60,50,65,88,7,404,"sand-rush,sand-force,mold-breaker",gray,generation-v
531,audino,normal,,103,60,86,60,86,50,11,310,"healer,regenerator,klutz",pink,generation-v
532,timburr,fighting,,75,80,55,25,35,35,6,125,"guts,sheer-force,iron-fist",gray,generation-v
533,gurdurr,fighting,,85,105,85,40,50,40,12,400,"guts,sheer-force,iron-fist",gray,generation-v
534,conkeldurr,fighting,,105,140,95,55,65,45,14,870,"guts,sheer-force,iron-fist",brown,generation-v
535,tympole,water,,50,50,40,50,40,64,5,45,"swift-swim,hydration,water-absorb",blue,generation-v
536,palpitoad,water,ground,75,65,55,65,55,69,8,170,"swift-swim,hydration,water-absorb",blue,generation-v
537,seismitoad,water,ground,105,95,75,85,75,74,15,620,"swift-swim,poison-touch,water-absorb",blue,generation-v
538,throh,fighting,,120,100,85,30,85,45,13,555,"guts,inner-focus,mold-breaker",red,generation-v
539,sawk,fighting,,75,125,75,30,75,85,14,510,"sturdy,inner-focus,mold-breaker",blue,generation-v
540,sewaddle,bug,grass,45,53,70,40,60,42,3,25,"swarm,chlorophyll,overcoat",yellow,generation-v
541,swadloon,bug,grass,55,63,90,50,80,42,5,73,"leaf-guard,chlorophyll,overcoat",green,generation-v
542,leavanny,bug,grass,75,103,80,70,80,92,12,205,"swarm,chlorophyll,overcoat",yellow,generation-v
543,venipede,bug,poison,30,45,59,30,39,57,4,53,"poison-point,swarm,speed-boost",red,generation-v
544,whirlipede,bug,poison,40,55,99,40,79,47,12,585,"poison-point,swarm,speed-boost",gray,generation-v
545,scolipede,bug,poison,60,100,89,55,69,112,25,2005,"poison-point,swarm,speed-boost",red,generation-v
546,cottonee,grass,fairy,40,27,60,37,50,66,3,6,"prankster,infiltrator,chlorophyll",green,generation-v
547,whimsicott,grass,fairy,60,67,85,77,75,116,7,66,"prankster,infiltrator,chlorophyll",green,generation-v
549,lilligant,grass,,70,60,75,110,75,90,11,163,"chlorophyll,own-tempo,leaf-guard",green,generation-v
550,basculin-red-striped,water,,70,92,65,80,55,98,10,180,"reckless,adaptability,mold-breaker",green,generation-v
551,sandile,ground,dark,50,72,35,35,35,65,7,152,"intimidate,moxie,anger-point",brown,generation-v
552,krokorok,ground,dark,60,82,45,45,45,74,10,334,"intimidate,moxie,anger-point",brown,generation-v
553,krookodile,ground,dark,95,117,80,65,70,92,15,963,"intimidate,moxie,anger-point",red,generation-v
554,darumaka,fire,,70,90,45,15,45,50,6,375,"hustle,inner-focus",red,generation-v
555,darmanitan-standard,fire,,105,140,55,30,55,95,13,929,"sheer-force,zen-mode",red,generation-v
556,maractus,grass,,75,86,67,106,67,60,10,280,"water-absorb,chlorophyll,storm-drain",green,generation-v
557,dwebble,bug,rock,50,65,85,35,35,55,3,145,"sturdy,shell-armor,weak-armor",red,generation-v
558,crustle,bug,rock,70,105,125,65,75,45,14,2000,"sturdy,shell-armor,weak-armor",red,generation-v
559,scraggy,dark,fighting,50,75,70,35,70,48,6,118,"shed-skin,moxie,intimidate",yellow,generation-v
560,scrafty,dark,fighting,65,90,115,45,115,58,11,300,"shed-skin,moxie,intimidate",red,generation-v
561,sigilyph,psychic,flying,72,58,80,103,80,97,14,140,"wonder-skin,magic-guard,tinted-lens",black,generation-v
562,yamask,ghost,,38,30,85,55,65,30,5,15,mummy,black,generation-v
563,cofagrigus,ghost,,58,50,145,95,105,30,17,765,mummy,yellow,generation-v
564,tirtouga,water,rock,54,78,103,53,45,22,7,165,"solid-rock,sturdy,swift-swim",blue,generation-v
565,carracosta,water,rock,74,108,133,83,65,32,12,810,"solid-rock,sturdy,swift-swim",blue,generation-v
566,archen,rock,flying,55,112,45,74,45,70,5,95,defeatist,yellow,generation-v
567,archeops,rock,flying,75,140,65,112,65,110,14,320,defeatist,yellow,generation-v
568,trubbish,poison,,50,50,62,40,62,65,6,310,"stench,sticky-hold,aftermath",green,generation-v
569,garbodor,poison,,80,95,82,60,82,75,19,1073,"stench,weak-armor,aftermath",green,generation-v
570,zorua,dark,,40,65,40,80,40,65,7,125,illusion,gray,generation-v
571,zoroark,dark,,60,105,60,120,60,105,16,811,illusion,gray,generation-v
572,minccino,normal,,55,50,40,40,40,75,4,58,"cute-charm,technician,skill-link",gray,generation-v
573,cinccino,normal,,75,95,60,65,60,115,5,75,"cute-charm,technician,skill-link",gray,generation-v
574,gothita,psychic,,45,30,50,55,65,45,4,58,"frisk,competitive,shadow-tag",purple,generation-v
575,gothorita,psychic,,60,45,70,75,85,55,7,180,"frisk,competitive,shadow-tag",purple,generation-v
576,gothitelle,psychic,,70,55,95,95,110,65,15,440,"frisk,competitive,shadow-tag",purple,generation-v
577,solosis,psychic,,45,30,40,105,50,20,3,10,"overcoat,magic-guard,regenerator",green,generation-v
578,duosion,psychic,,65,40,50,125,60,30,6,80,"overcoat,magic-guard,regenerator",green,generation-v
579,reuniclus,psychic,,110,65,75,125,85,30,10,201,"overcoat,magic-guard,regenerator",green,generation-v
580,ducklett,water,flying,62,44,50,44,50,55,5,55,"keen-eye,big-pecks,hydration",blue,generation-v
581,swanna,water,flying,75,87,63,87,63,98,13,242,"keen-eye,big-pecks,hydration",white,generation-v
582,vanillite,ice,,36,50,50,65,60,44,4,57,"ice-body,snow-cloak,weak-armor",white,generation-v
583,vanillish,ice,,51,65,65,80,75,59,11,410,"ice-body,snow-cloak,weak-armor",white,generation-v
584,vanilluxe,ice,,71,95,85,110,95,79,13,575,"ice-body,snow-warning,weak-armor",white,generation-v
585,deerling,normal,grass,60,60,50,40,50,75,6,195,"chlorophyll,sap-sipper,serene-grace",pink,generation-v
586,sawsbuck,normal,grass,80,100,70,60,70,95,19,925,"chlorophyll,sap-sipper,serene-grace",brown,generation-v
587,emolga,electric,flying,55,75,60,75,60,103,4,50,"static,motor-drive",white,generation-v
588,karrablast,bug,,50,75,45,40,45,60,5,59,"swarm,shed-skin,no-guard",blue,generation-v
589,escavalier,bug,steel,70,135,105,60,105,20,10,330,"swarm,shell-armor,overcoat",gray,generation-v
590,foongus,grass,poison,69,55,45,55,55,15,2,10,"effect-spore,regenerator",white,generation-v
591,amoonguss,grass,poison,114,85,70,85,80,30,6,105,"effect-spore,regenerator",white,generation-v
592,frillish,water,ghost,55,40,50,65,85,40,12,330,"water-absorb,cursed-body,damp",white,generation-v
593,jellicent,water,ghost,100,60,70,85,105,60,22,1350,"water-absorb,cursed-body,damp",white,generation-v
594,alomomola,water,,165,75,80,40,45,65,12,316,"healer,hydration,regenerator",pink,generation-v
595,joltik,bug,electric,50,47,50,57,50,65,1,6,"compound-eyes,unnerve,swarm",yellow,generation-v
596,galvantula,bug,electric,70,77,60,97,60,108,8,143,"compound-eyes,unnerve,swarm",yellow,generation-v
597,ferroseed,grass,steel,44,50,91,24,86,10,6,188,iron-barbs,gray,generation-v
598,ferrothorn,grass,steel,74,94,131,54,116,20,10,1100,"iron-barbs,anticipation",gray,generation-v
599,klink,steel,,40,55,70,45,60,30,3,210,"plus,minus,clear-body",gray,generation-v
600,klang,steel,,60,80,95,70,85,50,6,510,"plus,minus,clear-body",gray,generation-v
601,klinklang,steel,,60,100,115,70,85,90,6,810,"plus,minus,clear-body",gray,generation-v
602,tynamo,electric,,35,55,40,45,40,60,2,3,levitate,white,generation-v
603,eelektrik,electric,,65,85,70,75,70,40,12,220,levitate,blue,generation-v
604,eelektross,electric,,85,115,80,105,80,50,21,805,levitate,blue,generation-v
605,elgyem,psychic,,55,55,55,85,55,30,5,90,"telepathy,synchronize,analytic",blue,generation-v
606,beheeyem,psychic,,75,75,75,125,95,40,10,345,"telepathy,synchronize,analytic",brown,generation-v
607,litwick,ghost,fire,50,30,55,65,55,20,3,31,"flash-fire,flame-body,infiltrator",white,generation-v
608,lampent,ghost,fire,60,40,60,95,60,55,6,130,"flash-fire,flame-body,infiltrator",black,generation-v
609,chandelure,ghost,fire,60,55,90,145,90,80,10,343,"flash-fire,flame-body,infiltrator",black,generation-v
610,axew,dragon,,46,87,60,30,40,57,6,180,"rivalry,mold-breaker,unnerve",green,generation-v
611,fraxure,dragon,,66,117,70,40,50,67,10,360,"rivalry,mold-breaker,unnerve",green,generation-v
612,haxorus,dragon,,76,147,90,60,70,97,18,1055,"rivalry,mold-breaker,unnerve",yellow,generation-v
613,cubchoo,ice,,55,70,40,60,40,40,5,85,"snow-cloak,slush-rush,rattled",white,generation-v
614,beartic,ice,,95,130,80,70,80,50,26,2600,"snow-cloak,slush-rush,swift-swim",white,generation-v
615,cryogonal,ice,,80,50,50,95,135,105,11,1480,levitate,blue,generation-v
616,shelmet,bug,,50,40,85,40,65,25,4,77,"hydration,shell-armor,overcoat",red,generation-v
617,accelgor,bug,,80,70,40,100,60,145,8,253,"hydration,sticky-hold,unburden",red,generation-v
618,stunfisk,ground,electric,109,66,84,81,99,32,7,110,"static,limber,sand-veil",brown,generation-v
619,mienfoo,fighting,,45,85,50,55,50,65,9,200,"inner-focus,regenerator,reckless",yellow,generation-v
620,mienshao,fighting,,65,125,60,95,60,105,14,355,"inner-focus,regenerator,reckless",purple,generation-v
621,druddigon,dragon,,77,120,90,60,90,48,16,1390,"rough-skin,sheer-force,mold-breaker",red,generation-v
622,golett,ground,ghost,59,74,50,35,50,35,10,920,"iron-fist,klutz,no-guard",green,generation-v
623,golurk,ground,ghost,89,124,80,55,80,55,28,3300,"iron-fist,klutz,no-guard",green,generation-v
624,pawniard,dark,steel,45,85,70,40,40,60,5,102,"defiant,inner-focus,pressure",red,generation-v
625,bisharp,dark,steel,65,125,100,60,70,70,16,700,"defiant,inner-focus,pressure",red,generation-v
626,bouffalant,normal,,95,110,95,40,95,55,16,946,"reckless,sap-sipper,soundproof",brown,generation-v
627,rufflet,normal,flying,70,83,50,37,50,60,5,105,"keen-eye,sheer-force,hustle",white,generation-v
628,braviary,normal,flying,100,123,75,57,75,80,15,410,"keen-eye,sheer-force,defiant",red,generation-v
629,vullaby,dark,flying,70,55,75,45,65,60,5,90,"big-pecks,overcoat,weak-armor",brown,generation-v
630,mandibuzz,dark,flying,110,65,105,55,95,80,12,395,"big-pecks,overcoat,weak-armor",brown,generation-v
631,heatmor,fire,,85,97,66,105,66,65,14,580,"gluttony,flash-fire,white-smoke",red,generation-v
632,durant,bug,steel,58,109,112,48,48,109,3,330,"swarm,hustle,truant",gray,generation-v
633,deino,dark,dragon,52,65,50,45,50,38,8,173,hustle,blue,generation-v
634,zweilous,dark,dragon,72,85,70,65,70,58,14,500,hustle,blue,generation-v
635,hydreigon,dark,dragon,92,105,90,125,90,98,18,1600,levitate,blue,generation-v
636,larvesta,bug,fire,55,85,55,50,55,60,11,288,"flame-body,swarm",white,generation-v
637,volcarona,bug,fire,85,60,65,135,105,100,16,460,"flame-body,swarm",white,generation-v
638,cobalion,steel,fighting,91,90,129,90,72,108,21,2500,justified,blue,generation-v
639,terrakion,rock,fighting,91,129,90,72,90,108,19,2600,justified,gray,generation-v
640,virizion,grass,fighting,91,90,72,90,129,108,20,2000,justified,green,generation-v
641,tornadus-incarnate,flying,,79,115,70,125,80,111,15,630,"prankster,defiant",green,generation-v
642,thundurus-incarnate,electric,flying,79,115,70,125,80,111,15,610,"prankster,defiant",blue,generation-v
643,reshiram,dragon,fire,100,120,100,150,120,90,32,3300,turboblaze,white,generation-v
644,zekrom,dragon,electric,100,150,120,120,100,90,29,3450,teravolt,black,generation-v
645,landorus-incarnate,ground,flying,89,125,90,115,80,101,15,680,"sand-force,sheer-force",brown,generation-v
646,kyurem,dragon,ice,125,130,90,130,90,95,30,3250,pressure,gray,generation-v
647,keldeo-ordinary,water,fighting,91,72,90,129,90,108,14,485,justified,yellow,generation-v
648,meloetta-aria,normal,psychic,100,77,77,128,128,90,6,65,serene-grace,white,generation-v
649,genesect,bug,steel,71,120,95,120,95,99,15,825,download,purple,generation-v
650,chespin,grass,,56,61,65,48,45,38,4,90,"overgrow,bulletproof",green,generation-vi
651,quilladin,grass,,61,78,95,56,58,57,7,290,"overgrow,bulletproof",green,generation-vi
652,chesnaught,grass,fighting,88,107,122,74,75,64,16,900,"overgrow,bulletproof",green,generation-vi
653,fennekin,fire,,40,45,40,62,60,60,4,94,"blaze,magician",red,generation-vi
654,braixen,fire,,59,59,58,90,70,73,10,145,"blaze,magician",red,generation-vi
655,delphox,fire,psychic,75,69,72,114,100,104,15,390,"blaze,magician",red,generation-vi
656,froakie,water,,41,56,40,62,44,71,3,70,"torrent,protean",blue,generation-vi
657,frogadier,water,,54,63,52,83,56,97,6,109,"torrent,protean",blue,generation-vi
658,greninja,water,dark,72,95,67,103,71,122,15,400,"torrent,protean",blue,generation-vi
659,bunnelby,normal,,38,36,38,32,36,57,4,50,"pickup,cheek-pouch,huge-power",brown,generation-vi
660,diggersby,normal,ground,85,56,77,50,77,78,10,424,"pickup,cheek-pouch,huge-power",brown,generation-vi
661,fletchling,normal,flying,45,50,43,40,38,62,3,17,"big-pecks,gale-wings",red,generation-vi
662,fletchinder,fire,flying,62,73,55,56,52,84,7,160,"flame-body,gale-wings",red,generation-vi
663,talonflame,fire,flying,78,81,71,74,69,126,12,245,"flame-body,gale-wings",red,generation-vi
664,scatterbug,bug,,38,35,40,27,25,35,3,25,"shield-dust,compound-eyes,friend-guard",black,generation-vi
665,spewpa,bug,,45,22,60,27,30,29,3,84,"shed-skin,friend-guard",black,generation-vi
666,vivillon,bug,flying,80,52,50,90,50,89,12,170,"shield-dust,compound-eyes,friend-guard",white,generation-vi
667,litleo,fire,normal,62,50,58,73,54,72,6,135,"rivalry,unnerve,moxie",brown,generation-vi
668,pyroar,fire,normal,86,68,72,109,66,106,15,815,"rivalry,unnerve,moxie",brown,generation-vi
669,flabebe,fairy,,44,38,39,61,79,42,1,1,"flower-veil,symbiosis",white,generation-vi
670,floette,fairy,,54,45,47,75,98,52,2,9,"flower-veil,symbiosis",white,generation-vi
671,florges,fairy,,78,65,68,112,154,75,11,100,"flower-veil,symbiosis",white,generation-vi
672,skiddo,grass,,66,65,48,62,57,52,9,310,"sap-sipper,grass-pelt",brown,generation-vi
673,gogoat,grass,,123,100,62,97,81,68,17,910,"sap-sipper,grass-pelt",brown,generation-vi
674,pancham,fighting,,67,82,62,46,48,43,6,80,"iron-fist,mold-breaker,scrappy",white,generation-vi
675,pangoro,fighting,dark,95,124,78,69,71,58,21,1360,"iron-fist,mold-breaker,scrappy",white,generation-vi
676,furfrou,normal,,75,80,60,65,90,102,12,280,fur-coat,white,generation-vi
677,espurr,psychic,,62,48,54,63,60,68,3,35,"keen-eye,infiltrator,own-tempo",gray,generation-vi
678,meowstic-male,psychic,,74,48,76,83,81,104,6,85,"keen-eye,infiltrator,prankster",blue,generation-vi
679,honedge,steel,ghost,45,80,100,35,37,28,8,20,no-guard,brown,generation-vi
680,doublade,steel,ghost,59,110,150,45,49,35,8,45,no-guard,brown,generation-vi
681,aegislash-shield,steel,ghost,60,50,140,50,140,60,17,530,stance-change,brown,generation-vi
682,spritzee,fairy,,78,52,60,63,65,23,2,5,"healer,aroma-veil",pink,generation-vi
683,aromatisse,fairy,,101,72,72,99,89,29,8,155,"healer,aroma-veil",pink,generation-vi
684,swirlix,fairy,,62,48,66,59,57,49,4,35,"sweet-veil,unburden",white,generation-vi
685,slurpuff,fairy,,82,80,86,85,75,72,8,50,"sweet-veil,unburden",white,generation-vi
686,inkay,dark,psychic,53,54,53,37,46,45,4,35,"contrary,suction-cups,infiltrator",blue,generation-vi
687,malamar,dark,psychic,86,92,88,68,75,73,15,470,"contrary,suction-cups,infiltrator",blue,generation-vi
688,binacle,rock,water,42,52,67,39,56,50,5,310,"tough-claws,sniper,pickpocket",brown,generation-vi
689,barbaracle,rock,water,72,105,115,54,86,68,13,960,"tough-claws,sniper,pickpocket",brown,generation-vi
690,skrelp,poison,water,50,60,60,60,60,30,5,73,"poison-point,poison-touch,adaptability",brown,generation-vi
691,dragalge,poison,dragon,65,75,90,97,123,44,18,815,"poison-point,poison-touch,adaptability",brown,generation-vi
692,clauncher,water,,50,53,62,58,63,44,5,83,mega-launcher,blue,generation-vi
693,clawitzer,water,,71,73,88,120,89,59,13,353,mega-launcher,blue,generation-vi
694,helioptile,electric,normal,44,38,33,61,43,70,5,60,"dry-skin,sand-veil,solar-power",yellow,generation-vi
695,heliolisk,electric,normal,62,55,52,109,94,109,10,210,"dry-skin,sand-veil,solar-power",yellow,generation-vi
696,tyrunt,rock,dragon,58,89,77,45,45,48,8,260,"strong-jaw,sturdy",brown,generation-vi
697,tyrantrum,rock,dragon,82,121,119,69,59,71,25,2700,"strong-jaw,rock-head",red,generation-vi
698,amaura,rock,ice,77,59,50,67,63,46,13,252,"refrigerate,snow-warning",blue,generation-vi
699,aurorus,rock,ice,123,77,72,99,92,58,27,2250,"refrigerate,snow-warning",blue,generation-vi
700,sylveon,fairy,,95,65,65,110,130,60,10,235,"cute-charm,pixilate",pink,generation-vi
701,hawlucha,fighting,flying,78,92,75,74,63,118,8,215,"limber,unburden,mold-breaker",green,generation-vi
702,dedenne,electric,fairy,67,58,57,81,67,101,2,22,"cheek-pouch,pickup,plus",yellow,generation-vi
703,carbink,rock,fairy,50,50,150,50,150,50,3,57,"clear-body,sturdy",gray,generation-vi
704,goomy,dragon,,45,50,35,55,75,40,3,28,"sap-sipper,hydration,gooey",purple,generation-vi
705,sliggoo,dragon,,68,75,53,83,113,60,8,175,"sap-sipper,hydration,gooey",purple,generation-vi
706,goodra,dragon,,90,100,70,110,150,80,20,1505,"sap-sipper,hydration,gooey",purple,generation-vi
707,klefki,steel,fairy,57,80,91,80,87,75,2,30,"prankster,magician",gray,generation-vi
708,phantump,ghost,grass,43,70,48,50,60,38,4,70,"natural-cure,frisk,harvest",brown,generation-vi
709,trevenant,ghost,grass,85,110,76,65,82,56,15,710,"natural-cure,frisk,harvest",brown,generation-vi
710,pumpkaboo-average,ghost,grass,49,66,70,44,55,51,4,50,"pickup,frisk,insomnia",brown,generation-vi
711,gourgeist-average,ghost,grass,65,90,122,58,75,84,9,125,"pickup,frisk,insomnia",brown,generation-vi
712,bergmite,ice,,55,69,85,32,35,28,10,995,"own-tempo,ice-body,sturdy",blue,generation-vi
713,avalugg,ice,,95,117,184,44,46,28,20,5050,"own-tempo,ice-body,sturdy",blue,generation-vi
714,noibat,flying,dragon,40,30,35,45,40,55,5,80,"frisk,infiltrator,telepathy",purple,generation-vi
715,noivern,flying,dragon,85,70,80,97,80,123,15,850,"frisk,infiltrator,telepathy",purple,generation-vi
716,xerneas,fairy,,126,131,95,131,98,99,30,2150,fairy-aura,blue,generation-vi
717,yveltal,dark,flying,126,131,95,131,98,99,58,2030,dark-aura,red,generation-vi
718,zygarde-50,dragon,ground,108,100,121,81,95,95,50,3050,aura-break,green,generation-vi
719,diancie,rock,fairy,50,100,150,100,150,50,7,88,clear-body,pink,generation-vi
720,hoopa,psychic,ghost,80,110,60,150,130,70,5,90,magician,purple,generation-vi
721,volcanion,fire,water,80,110,120,130,90,70,17,1950,water-absorb,brown,generation-vi
722,rowlet,grass,flying,68,55,55,50,50,42,3,15,"overgrow,long-reach",brown,generation-vii
723,dartrix,grass,flying,78,75,75,70,70,52,7,160,"overgrow,long-reach",brown,generation-vii
724,decidueye,grass,ghost,78,107,75,100,100,70,16,366,"overgrow,long-reach",brown,generation-vii
725,litten,fire,,45,65,40,60,40,70,4,43,"blaze,intimidate",red,generation-vii
726,torracat,fire,,65,85,50,80,50,90,7,250,"blaze,intimidate",red,generation-vii
727,incineroar,fire,dark,95,115,90,80,90,60,18,830,"blaze,intimidate",red,generation-vii
728,popplio,water,,50,54,54,66,56,40,4,75,"torrent,liquid-voice",blue,generation-vii
729,brionne,water,,60,69,69,91,81,50,6,175,"torrent,liquid-voice",blue,generation-vii
730,primarina,water,fairy,80,74,74,126,116,60,18,440,"torrent,liquid-voice",blue,generation-vii
731,pikipek,normal,flying,35,75,30,30,30,65,3,12,"keen-eye,skill-link,pickup",black,generation-vii
732,trumbeak,normal,flying,55,85,50,40,50,75,6,148,"keen-eye,skill-link,pickup",black,generation-vii
733,toucannon,normal,flying,80,120,75,75,75,60,11,260,"keen-eye,skill-link,sheer-force",black,generation-vii
734,yungoos,normal,,48,70,30,30,30,45,4,60,"stakeout,strong-jaw,adaptability",brown,generation-vii
735,gumshoos,normal,,88,110,60,55,60,45,7,142,"stakeout,strong-jaw,adaptability",brown,generation-vii
736,grubbin,bug,,47,62,45,55,45,46,4,44,swarm,gray,generation-vii
737,charjabug,bug,electric,57,82,95,55,75,36,5,105,battery,green,generation-vii
738,vikavolt,bug,electric,77,70,90,145,75,43,15,450,levitate,blue,generation-vii
739,crabrawler,fighting,,47,82,57,42,47,63,6,70,"hyper-cutter,iron-fist,anger-point",purple,generation-vii
740,crabominable,fighting,ice,97,132,77,62,67,43,17,1800,"hyper-cutter,iron-fist,anger-point",white,generation-vii
741,oricorio-baile,fire,flying,75,70,70,98,70,93,6,34,dancer,red,generation-vii
742,cutiefly,bug,fairy,40,45,40,55,40,84,1,2,"honey-gather,shield-dust,sweet-veil",yellow,generation-vii
743,ribombee,bug,fairy,60,55,60,95,70,124,2,5,"honey-gather,shield-dust,sweet-veil",yellow,generation-vii
744,rockruff,rock,,45,65,40,30,40,60,5,92,"keen-eye,vital-spirit,steadfast",brown,generation-vii
745,lycanroc-midday,rock,,75,115,65,55,65,112,8,250,"keen-eye,sand-rush,steadfast",brown,generation-vii
746,wishiwashi-solo,water,,45,20,20,25,25,40,2,3,schooling,blue,generation-vii
747,mareanie,poison,water,50,53,62,43,52,45,4,80,"merciless,limber,regenerator",blue,generation-vii
748,toxapex,poison,water,50,63,152,53,142,35,7,145,"merciless,limber,regenerator",blue,generation-vii
749,mudbray,ground,,70,100,70,45,55,45,10,1100,"own-tempo,stamina,inner-focus",brown,generation-vii
751,dewpider,water,bug,38,40,52,40,72,27,3,40,"water-bubble,water-absorb",green,generation-vii
752,araquanid,water,bug,68,70,92,50,132,42,18,820,"water-bubble,water-absorb",green,generation-vii
753,fomantis,grass,,40,55,35,50,35,35,3,15,"leaf-guard,contrary",pink,generation-vii
754,lurantis,grass,,70,105,90,80,90,45,9,185,"leaf-guard,contrary",pink,generation-vii
755,morelull,grass,fairy,40,35,55,65,75,15,2,15,"illuminate,effect-spore,rain-dish",purple,generation-vii
756,shiinotic,grass,fairy,60,45,80,90,100,30,10,115,"illuminate,effect-spore,rain-dish",purple,generation-vii
757,salandit,poison,fire,48,44,40,71,40,77,6,48,"corrosion,oblivious",black,generation-vii
758,salazzle,poison,fire,68,64,60,111,60,117,12,222,"corrosion,oblivious",black,generation-vii
759,stufful,normal,fighting,70,75,50,45,50,50,5,68,"fluffy,klutz,cute-charm",pink,generation-vii
760,bewear,normal,fighting,120,125,80,55,60,60,21,1350,"fluffy,klutz,unnerve",pink,generation-vii
761,bounsweet,grass,,42,30,38,30,38,32,3,32,"leaf-guard,oblivious,sweet-veil",purple,generation-vii
762,steenee,grass,,52,40,48,40,48,62,7,82,"leaf-guard,oblivious,sweet-veil",purple,generation-vii
763,tsareena,grass,,72,120,98,50,98,72,12,214,"leaf-guard,queenly-majesty,sweet-veil",purple,generation-vii
764,comfey,fairy,,51,52,90,82,110,100,1,3,"flower-veil,triage,natural-cure",green,generation-vii
765,oranguru,normal,psychic,90,60,80,90,110,60,15,760,"inner-focus,telepathy,symbiosis",white,generation-vii
766,passimian,fighting,,100,120,90,40,60,80,20,828,"receiver,defiant",white,generation-vii
767,wimpod,bug,water,25,35,40,20,30,80,5,120,wimp-out,gray,generation-vii
768,golisopod,bug,water,75,125,140,60,90,40,20,1080,emergency-exit,gray,generation-vii
769,sandygast,ghost,ground,55,55,80,70,45,15,5,700,"water-compaction,sand-veil",brown,generation-vii
770,palossand,ghost,ground,85,75,110,100,75,35,13,2500,"water-compaction,sand-veil",brown,generation-vii
771,pyukumuku,water,,55,60,130,30,130,5,3,12,"innards-out,unaware",black,generation-vii
772,type-null,normal,,95,95,95,95,95,59,19,1205,battle-armor,gray,generation-vii
773,silvally,normal,,95,95,95,95,95,95,23,1005,rks-system,gray,generation-vii
774,minior-red-meteor,rock,flying,60,60,100,60,100,60,3,400,shields-down,brown,generation-vii
775,komala,normal,,65,115,65,75,95,65,4,199,comatose,blue,generation-vii
776,turtonator,fire,dragon,60,78,135,91,85,36,20,2120,shell-armor,red,generation-vii
777,togedemaru,electric,steel,65,98,63,40,73,96,3,33,"iron-barbs,lightning-rod,sturdy",gray,generation-vii
778,mimikyu-disguised,ghost,fairy,55,90,80,50,105,96,2,7,disguise,yellow,generation-vii
779,bruxish,water,psychic,68,105,70,70,70,92,9,190,"dazzling,strong-jaw,wonder-skin",pink,generation-vii
780,drampa,normal,dragon,78,60,85,135,91,36,30,1850,"berserk,sap-sipper,cloud-nine",white,generation-vii
781,dhelmise,ghost,grass,70,131,100,86,90,40,39,2100,steelworker,green,generation-vii
782,jangmo-o,dragon,,45,55,65,45,45,45,6,297,"bulletproof,soundproof,overcoat",gray,generation-vii
783,hakamo-o,dragon,fighting,55,75,90,65,70,65,12,470,"bulletproof,soundproof,overcoat",gray,generation-vii
784,kommo-o,dragon,fighting,75,110,125,100,105,85,16,782,"bulletproof,soundproof,overcoat",gray,generation-vii
785,tapu-koko,electric,fairy,70,115,85,95,75,130,18,205,"electric-surge,telepathy",yellow,generation-vii
786,tapu-lele,psychic,fairy,70,85,75,130,115,95,12,186,"psychic-surge,telepathy",pink,generation-vii
787,tapu-bulu,grass,fairy,70,130,115,85,95,75,19,455,"grassy-surge,telepathy",red,generation-vii
788,tapu-fini,water,fairy,70,75,115,95,130,85,13,212,"misty-surge,telepathy",purple,generation-vii
789,cosmog,psychic,,43,29,31,29,31,37,2,1,unaware,blue,generation-vii
790,cosmoem,psychic,,43,29,131,29,131,37,1,9999,sturdy,blue,generation-vii
791,solgaleo,psychic,steel,137,137,107,113,89,97,34,2300,full-metal-body,white,generation-vii
792,lunala,psychic,ghost,137,113,89,137,107,97,40,1200,shadow-shield,purple,generation-vii
793,nihilego,rock,poison,109,53,47,127,131,103,12,555,beast-boost,white,generation-vii
794,buzzwole,bug,fighting,107,139,139,53,53,79,24,3336,beast-boost,red,generation-vii
795,pheromosa,bug,fighting,71,137,37,137,37,151,18,250,beast-boost,white,generation-vii
796,xurkitree,electric,,83,89,71,173,71,83,38,1000,beast-boost,black,generation-vii
797,celesteela,steel,flying,97,101,103,107,101,61,92,9999,beast-boost,green,generation-vii
798,kartana,grass,steel,59,181,131,59,31,109,3,1,beast-boost,white,generation-vii
799,guzzlord,dark,dragon,223,101,53,97,53,43,55,8880,beast-boost,black,generation-vii
800,necrozma,psychic,,97,107,101,127,89,79,24,2300,prism-armor,black,generation-vii
801,magearna,steel,fairy,80,95,115,130,115,65,10,805,soul-heart,gray,generation-vii
802,marshadow,fighting,ghost,90,125,80,90,90,125,7,222,technician,gray,generation-vii
803,poipole,poison,,67,73,67,73,67,73,6,18,beast-boost,purple,generation-vii
804,naganadel,poison,dragon,73,73,73,127,73,121,36,1500,beast-boost,purple,generation-vii
805,stakataka,rock,steel,61,131,211,53,101,13,55,8200,beast-boost,gray,generation-vii
806,blacephalon,fire,ghost,53,127,53,151,79,107,18,130,beast-boost,white,generation-vii
807,zeraora,electric,,88,112,75,102,80,143,15,445,volt-absorb,yellow,generation-vii
808,meltan,steel,,46,65,65,55,35,34,2,80,magnet-pull,gray,generation-vii
809,melmetal,steel,,135,143,143,80,65,34,25,8000,iron-fist,gray,generation-vii
810,grookey,grass,,50,65,50,40,40,65,3,50,"overgrow,grassy-surge",green,generation-viii
811,thwackey,grass,,70,85,70,55,60,80,7,140,"overgrow,grassy-surge",green,generation-viii
812,rillaboom,grass,,100,125,90,60,70,85,21,900,"overgrow,grassy-surge",green,generation-viii
813,scorbunny,fire,,50,71,40,40,40,69,3,45,"blaze,libero",white,generation-viii
814,raboot,fire,,65,86,60,55,60,94,6,90,"blaze,libero",gray,generation-viii
815,cinderace,fire,,80,116,75,65,75,119,14,330,"blaze,libero",white,generation-viii
816,sobble,water,,50,40,40,70,40,70,3,40,"torrent,sniper",blue,generation-viii
817,drizzile,water,,65,60,55,95,55,90,7,115,"torrent,sniper",blue,generation-viii
818,inteleon,water,,70,85,65,125,65,120,19,452,"torrent,sniper",blue,generation-viii
819,skwovet,normal,,70,55,55,35,35,25,3,25,"cheek-pouch,gluttony",brown,generation-viii
820,greedent,normal,,120,95,95,55,75,20,6,60,"cheek-pouch,gluttony",brown,generation-viii
821,rookidee,flying,,38,47,35,33,35,57,2,18,"keen-eye,unnerve,big-pecks",blue,generation-viii
822,corvisquire,flying,,68,67,55,43,55,77,8,160,"keen-eye,unnerve,big-pecks",blue,generation-viii
823,corviknight,flying,steel,98,87,105,53,85,67,22,750,"pressure,unnerve,mirror-armor",purple,generation-viii
824,blipbug,bug,,25,20,20,25,45,45,4,80,"swarm,compound-eyes,telepathy",blue,generation-viii
825,dottler,bug,psychic,50,35,80,50,90,30,4,195,"swarm,compound-eyes,telepathy",yellow,generation-viii
826,orbeetle,bug,psychic,60,45,110,80,120,90,4,408,"swarm,frisk,telepathy",red,generation-viii
827,nickit,dark,,40,28,28,47,52,50,6,89,"run-away,unburden,stakeout",brown,generation-viii
828,thievul,dark,,70,58,58,87,92,90,12,199,"run-away,unburden,stakeout",brown,generation-viii
829,gossifleur,grass,,40,40,60,40,60,10,4,22,"cotton-down,regenerator,effect-spore",green,generation-viii
830,eldegoss,grass,,60,50,90,80,120,60,5,25,"cotton-down,regenerator,effect-spore",green,generation-viii
831,wooloo,normal,,42,40,55,40,45,48,6,60,"fluffy,run-away,bulletproof",white,generation-viii
832,dubwool,normal,,72,80,100,60,90,88,13,430,"fluffy,steadfast,bulletproof",white,generation-viii
833,chewtle,water,,50,64,50,38,38,44,3,85,"strong-jaw,shell-armor,swift-swim",green,generation-viii
834,drednaw,water,rock,90,115,90,48,68,74,10,1155,"strong-jaw,shell-armor,swift-swim",green,generation-viii
835,yamper,electric,,59,45,50,40,50,26,3,135,"ball-fetch,rattled",yellow,generation-viii
836,boltund,electric,,69,90,60,90,60,121,10,340,"strong-jaw,competitive",yellow,generation-viii
837,rolycoly,rock,,30,40,50,40,50,30,3,120,"steam-engine,heatproof,flash-fire",black,generation-viii
838,carkol,rock,fire,80,60,90,60,70,50,11,780,"steam-engine,flame-body,flash-fire",black,generation-viii
839,coalossal,rock,fire,110,80,120,80,90,30,28,3105,"steam-engine,flame-body,flash-fire",black,generation-viii
840,applin,grass,dragon,40,40,80,40,40,20,2,5,"ripen,gluttony,bulletproof",green,generation-viii
841,flapple,grass,dragon,70,110,80,95,60,70,3,10,"ripen,gluttony,hustle",green,generation-viii
842,appletun,grass,dragon,110,85,80,100,80,30,4,130,"ripen,gluttony,thick-fat",green,generation-viii
843,silicobra,ground,,52,57,75,35,50,46,22,76,"sand-spit,shed-skin,sand-veil",green,generation-viii
844,sandaconda,ground,,72,107,125,65,70,71,38,655,"sand-spit,shed-skin,sand-veil",green,generation-viii
845,cramorant,flying,water,70,85,55,85,95,85,8,180,gulp-missile,blue,generation-viii
846,arrokuda,water,,41,63,40,40,30,66,5,10,"swift-swim,propeller-tail",brown,generation-viii
847,barraskewda,water,,61,123,60,60,50,136,13,300,"swift-swim,propeller-tail",brown,generation-viii
848,toxel,electric,poison,40,38,35,54,35,40,4,110,"rattled,static,klutz",purple,generation-viii
849,toxtricity-amped,electric,poison,75,98,70,114,70,75,16,400,"punk-rock,plus,technician",purple,generation-viii
850,sizzlipede,fire,bug,50,65,45,50,50,45,7,10,"flash-fire,white-smoke,flame-body",red,generation-viii
851,centiskorch,fire,bug,100,115,65,90,90,65,30,1200,"flash-fire,white-smoke,flame-body",red,generation-viii
852,clobbopus,fighting,,50,68,60,50,50,32,6,40,"limber,technician",brown,generation-viii
853,grapploct,fighting,,80,118,90,70,80,42,16,390,"limber,technician",blue,generation-viii
854,sinistea,ghost,,40,45,45,74,54,50,1,2,"weak-armor,cursed-body",purple,generation-viii
855,polteageist,ghost,,60,65,65,134,114,70,2,4,"weak-armor,cursed-body",purple,generation-viii
856,hatenna,psychic,,42,30,45,56,53,39,4,34,"healer,anticipation,magic-bounce",pink,generation-viii
857,hattrem,psychic,,57,40,65,86,73,49,6,48,"healer,anticipation,magic-bounce",pink,generation-viii
858,hatterene,psychic,fairy,57,90,95,136,103,29,21,51,"healer,anticipation,magic-bounce",pink,generation-viii
859,impidimp,dark,fairy,45,45,30,55,40,50,4,55,"prankster,frisk,pickpocket",pink,generation-viii
860,morgrem,dark,fairy,65,60,45,75,55,70,8,125,"prankster,frisk,pickpocket",pink,generation-viii
861,grimmsnarl,dark,fairy,95,120,65,95,75,60,15,610,"prankster,frisk,pickpocket",purple,generation-viii
862,obstagoon,dark,normal,93,90,101,60,81,95,16,460,"reckless,guts,defiant",gray,generation-viii
863,perrserker,steel,,70,110,100,50,60,50,8,280,"battle-armor,tough-claws,steely-spirit",brown,generation-viii
864,cursola,ghost,,60,95,50,145,130,30,10,4,"weak-armor,perish-body",white,generation-viii
865,sirfetchd,fighting,,62,135,95,68,82,65,8,1170,"steadfast,scrappy",white,generation-viii
866,mr-rime,ice,psychic,80,85,75,110,100,70,15,582,"tangled-feet,screen-cleaner,ice-body",purple,generation-viii
867,runerigus,ground,ghost,58,95,145,50,105,30,16,666,wandering-spirit,gray,generation-viii
868,milcery,fairy,,45,40,40,50,61,34,2,3,"sweet-veil,aroma-veil",white,generation-viii
869,alcremie,fairy,,65,60,75,110,121,64,3,5,"sweet-veil,aroma-veil",white,generation-viii
870,falinks,fighting,,65,100,100,70,60,75,30,620,"battle-armor,defiant",yellow,generation-viii
871,pincurchin,electric,,48,101,95,91,85,15,3,10,"lightning-rod,electric-surge",purple,generation-viii
872,snom,ice,bug,30,25,35,45,30,20,3,38,"shield-dust,ice-scales",white,generation-viii
873,frosmoth,ice,bug,70,65,60,125,90,65,13,420,"shield-dust,ice-scales",white,generation-viii
874,stonjourner,rock,,100,125,135,20,20,70,25,5200,power-spot,gray,generation-viii
875,eiscue-ice,ice,,75,80,110,65,90,50,14,890,ice-face,blue,generation-viii
876,indeedee-male,psychic,normal,60,65,55,105,95,95,9,280,"inner-focus,synchronize,psychic-surge",purple,generation-viii
877,morpeko-full-belly,electric,dark,58,95,58,70,58,97,3,30,hunger-switch,yellow,generation-viii
878,cufant,steel,,72,80,49,40,49,40,12,1000,"sheer-force,heavy-metal",yellow,generation-viii
879,copperajah,steel,,122,130,69,80,69,30,30,6500,"sheer-force,heavy-metal",green,generation-viii
880,dracozolt,electric,dragon,90,100,90,80,70,75,18,1900,"volt-absorb,hustle,sand-rush",green,generation-viii
881,arctozolt,electric,ice,90,100,90,90,80,55,23,1500,"volt-absorb,static,slush-rush",blue,generation-viii
882,dracovish,water,dragon,90,90,100,70,80,75,23,2150,"water-absorb,strong-jaw,sand-rush",green,generation-viii
883,arctovish,water,ice,90,90,100,80,90,55,20,1750,"water-absorb,ice-body,slush-rush",blue,generation-viii
884,duraludon,steel,dragon,70,95,115,120,50,85,18,400,"light-metal,heavy-metal,stalwart",white,generation-viii
885,dreepy,dragon,ghost,28,60,30,40,30,82,5,20,"clear-body,infiltrator,cursed-body",green,generation-viii
886,drakloak,dragon,ghost,68,80,50,60,50,102,14,110,"clear-body,infiltrator,cursed-body",green,generation-viii
887,dragapult,dragon,ghost,88,120,75,100,75,142,30,500,"clear-body,infiltrator,cursed-body",green,generation-viii
888,zacian,fairy,,92,120,115,80,115,138,28,1100,intrepid-sword,blue,generation-viii
889,zamazenta,fighting,,92,120,115,80,115,138,29,2100,dauntless-shield,red,generation-viii
890,eternatus,poison,dragon,140,85,95,145,95,130,200,9500,pressure,purple,generation-viii
891,kubfu,fighting,,60,90,60,53,50,72,6,120,inner-focus,gray,generation-viii
892,urshifu-single-strike,fighting,dark,100,130,100,63,60,97,19,1050,unseen-fist,gray,generation-viii
893,zarude,dark,grass,105,120,105,70,95,105,18,700,leaf-guard,green,generation-viii
894,regieleki,electric,,80,100,50,100,50,200,12,1450,transistor,yellow,generation-viii
895,regidrago,dragon,,200,100,50,100,50,80,21,2000,dragons-maw,green,generation-viii
896,glastrier,ice,,100,145,130,65,110,30,22,8000,chilling-neigh,white,generation-viii
897,spectrier,ghost,,100,65,60,145,80,130,20,445,grim-neigh,black,generation-viii
898,calyrex,psychic,grass,100,80,80,80,80,80,11,77,unnerve,green,generation-viii
899,wyrdeer,normal,psychic,103,105,72,105,75,65,18,951,"intimidate,frisk,sap-sipper",gray,generation-viii
900,kleavor,bug,rock,70,135,95,45,70,85,18,890,"swarm,sheer-force,sharpness",brown,generation-viii
901,ursaluna,ground,normal,130,140,105,45,80,50,24,2900,"guts,bulletproof,unnerve",brown,generation-viii
902,basculegion-male,water,ghost,120,112,65,80,75,78,30,1100,"swift-swim,adaptability,mold-breaker",green,generation-viii
903,sneasler,fighting,poison,80,130,60,40,80,120,13,430,"pressure,unburden,poison-touch",gray,generation-viii
904,overqwil,dark,poison,85,115,95,65,65,85,25,605,"poison-point,swift-swim,intimidate",black,generation-viii
905,enamorus-incarnate,fairy,flying,74,115,70,135,80,106,16,480,"cute-charm,contrary",pink,generation-viii
906,sprigatito,grass,,40,61,54,45,45,65,4,41,"overgrow,protean",green,generation-ix
907,floragato,grass,,61,80,63,60,63,83,9,122,"overgrow,protean",green,generation-ix
908,meowscarada,grass,dark,76,110,70,81,70,123,15,312,"overgrow,protean",green,generation-ix
909,fuecoco,fire,,67,45,59,63,40,36,4,98,"blaze,unaware",red,generation-ix
910,crocalor,fire,,81,55,78,90,58,49,10,307,"blaze,unaware",red,generation-ix
911,skeledirge,fire,ghost,104,75,100,110,75,66,16,3265,"blaze,unaware",red,generation-ix
912,quaxly,water,,55,65,45,50,45,50,5,61,"torrent,moxie",white,generation-ix
913,quaxwell,water,,70,85,65,65,60,65,12,215,"torrent,moxie",blue,generation-ix
914,quaquaval,water,fighting,85,120,80,85,75,85,18,619,"torrent,moxie",blue,generation-ix
915,lechonk,normal,,54,45,40,35,45,35,5,102,"aroma-veil,gluttony,thick-fat",gray,generation-ix
916,oinkologne-male,normal,,110,100,75,59,80,65,10,1200,"lingering-aroma,gluttony,thick-fat",gray,generation-ix
917,tarountula,bug,,35,41,45,29,40,20,3,40,"insomnia,stakeout",white,generation-ix
918,spidops,bug,,60,79,92,52,86,35,10,165,"insomnia,stakeout",green,generation-ix
919,nymble,bug,,33,46,40,21,25,45,2,10,"swarm,tinted-lens",gray,generation-ix
920,lokix,bug,dark,71,102,78,52,55,92,10,175,"swarm,tinted-lens",gray,generation-ix
921,pawmi,electric,,45,50,20,40,25,60,3,25,"static,natural-cure,iron-fist",yellow,generation-ix
922,pawmo,electric,fighting,60,75,40,50,40,85,4,65,"volt-absorb,natural-cure,iron-fist",yellow,generation-ix
923,pawmot,electric,fighting,70,115,70,70,60,105,9,410,"volt-absorb,natural-cure,iron-fist",yellow,generation-ix
924,tandemaus,normal,,50,50,45,40,45,75,3,18,"run-away,pickup,own-tempo",white,generation-ix
925,maushold-family-of-four,normal,,74,75,70,65,75,111,3,23,"friend-guard,cheek-pouch,technician",white,generation-ix
926,fidough,fairy,,37,55,70,30,55,65,3,109,"own-tempo,klutz",yellow,generation-ix
927,dachsbun,fairy,,57,80,115,50,80,95,5,149,"well-baked-body,aroma-veil",brown,generation-ix
928,smoliv,grass,normal,41,35,45,58,51,30,3,65,"early-bird,harvest",green,generation-ix
929,dolliv,grass,normal,52,53,60,78,78,33,6,119,"early-bird,harvest",green,generation-ix
930,arboliva,grass,normal,78,69,90,125,109,39,14,482,"seed-sower,harvest",green,generation-ix
931,squawkabilly-green-plumage,normal,flying,82,96,51,45,51,92,6,24,"intimidate,hustle,guts",green,generation-ix
932,nacli,rock,,55,55,75,35,35,25,4,160,"purifying-salt,sturdy,clear-body",brown,generation-ix
933,naclstack,rock,,60,60,100,35,65,35,6,1050,"purifying-salt,sturdy,clear-body",brown,generation-ix
934,garganacl,rock,,100,100,130,45,90,35,23,2400,"purifying-salt,sturdy,clear-body",brown,generation-ix
935,charcadet,fire,,40,50,40,50,40,35,6,105,"flash-fire,flame-body",red,generation-ix
936,armarouge,fire,psychic,85,60,100,125,80,75,15,850,"flash-fire,weak-armor",red,generation-ix
937,ceruledge,fire,ghost,75,125,80,60,100,85,16,620,"flash-fire,weak-armor",blue,generation-ix
938,tadbulb,electric,,61,31,41,59,35,45,3,4,"own-tempo,static,damp",yellow,generation-ix
939,bellibolt,electric,,109,64,91,103,83,45,12,1130,"electromorphosis,static,damp",green,generation-ix
940,wattrel,electric,flying,40,40,35,55,40,70,4,36,"wind-power,volt-absorb,competitive",black,generation-ix
941,kilowattrel,electric,flying,70,70,60,105,60,125,14,386,"wind-power,volt-absorb,competitive",yellow,generation-ix
942,maschiff,dark,,60,78,60,40,51,51,5,160,"intimidate,run-away,stakeout",brown,generation-ix
943,mabosstiff,dark,,80,120,90,60,70,85,11,610,"intimidate,guard-dog,stakeout",gray,generation-ix
944,shroodle,poison,normal,40,65,35,40,35,75,2,7,"unburden,pickpocket,prankster",gray,generation-ix
945,grafaiai,poison,normal,63,95,65,80,72,110,7,272,"unburden,poison-touch,prankster",gray,generation-ix
946,bramblin,grass,ghost,40,65,30,45,35,60,6,6,"wind-rider,infiltrator",brown,generation-ix
947,brambleghast,grass,ghost,55,115,70,80,70,90,12,60,"wind-rider,infiltrator",brown,generation-ix
948,toedscool,ground,grass,40,40,35,50,100,70,9,330,"mycelium-might,mycelium-might",yellow,generation-ix
949,toedscruel,ground,grass,80,70,65,80,120,100,19,580,"mycelium-might,mycelium-might",black,generation-ix
950,klawf,rock,,70,100,115,35,55,75,13,790,"anger-shell,shell-armor,regenerator",red,generation-ix
951,capsakid,grass,,50,62,40,62,40,50,3,30,"chlorophyll,insomnia,klutz",green,generation-ix
952,scovillain,grass,fire,65,108,65,108,65,75,9,150,"chlorophyll,insomnia,moody",green,generation-ix
953,rellor,bug,,41,50,60,31,58,30,2,10,"compound-eyes,shed-skin",brown,generation-ix
954,rabsca,bug,psychic,75,50,85,115,100,45,3,35,"synchronize,telepathy",green,generation-ix
955,flittle,psychic,,30,35,30,55,30,75,2,15,"anticipation,frisk,speed-boost",yellow,generation-ix
956,espathra,psychic,,95,60,60,101,60,105,19,900,"opportunist,frisk,speed-boost",yellow,generation-ix
957,tinkatink,fairy,steel,50,45,45,35,64,58,4,89,"mold-breaker,own-tempo,pickpocket",pink,generation-ix
958,tinkatuff,fairy,steel,65,55,55,45,82,78,7,591,"mold-breaker,own-tempo,pickpocket",pink,generation-ix
959,tinkaton,fairy,steel,85,75,77,70,105,94,7,1128,"mold-breaker,own-tempo,pickpocket",pink,generation-ix
960,wiglett,water,,10,55,25,35,25,95,12,18,"gooey,rattled,sand-veil",white,generation-ix
961,wugtrio,water,,35,100,50,50,70,120,12,54,"gooey,rattled,sand-veil",red,generation-ix
962,bombirdier,flying,dark,70,103,85,60,85,82,15,429,"big-pecks,keen-eye,rocky-payload",white,generation-ix
963,finizen,water,,70,45,40,45,40,75,13,602,"water-veil,water-veil",blue,generation-ix
964,palafin-zero,water,,100,70,72,53,62,100,13,602,"zero-to-hero,zero-to-hero",blue,generation-ix
965,varoom,steel,poison,45,70,63,30,45,47,10,350,"overcoat,slow-start",gray,generation-ix
966,revavroom,steel,poison,80,119,90,54,67,90,18,1200,"overcoat,filter",gray,generation-ix
967,cyclizar,dragon,normal,70,95,65,85,65,121,16,630,"shed-skin,regenerator",green,generation-ix
968,orthworm,steel,,70,85,145,60,55,65,25,3100,"earth-eater,sand-veil",pink,generation-ix
969,glimmet,rock,poison,48,35,42,105,60,60,7,80,"toxic-debris,corrosion",blue,generation-ix
970,glimmora,rock,poison,83,55,90,130,81,86,15,450,"toxic-debris,corrosion",blue,generation-ix
971,greavard,ghost,,50,61,60,30,55,34,6,350,"pickup,fluffy",white,generation-ix
972,houndstone,ghost,,72,101,100,50,97,68,20,150,"sand-rush,fluffy",white,generation-ix
973,flamigo,flying,fighting,82,115,74,75,64,90,16,370,"scrappy,tangled-feet,costar",pink,generation-ix
974,cetoddle,ice,,108,68,45,30,40,43,12,450,"thick-fat,snow-cloak,sheer-force",white,generation-ix
975,cetitan,ice,,170,113,65,45,55,73,45,7000,"thick-fat,slush-rush,sheer-force",white,generation-ix
976,veluza,water,psychic,90,102,73,78,65,70,25,900,"mold-breaker,sharpness",gray,generation-ix
977,dondozo,water,,150,100,115,65,65,35,120,2200,"unaware,oblivious,water-veil",blue,generation-ix
978,tatsugiri-curly,dragon,water,68,50,60,120,95,82,3,80,"commander,storm-drain",pink,generation-ix
979,annihilape,fighting,ghost,110,115,80,50,90,90,12,560,"vital-spirit,inner-focus,defiant",gray,generation-ix
980,clodsire,poison,ground,130,75,60,45,100,20,18,2230,"poison-point,water-absorb,unaware",brown,generation-ix
981,farigiraf,normal,psychic,120,90,70,110,70,60,32,1600,"cud-chew,armor-tail,sap-sipper",brown,generation-ix
982,dudunsparce-two-segment,normal,,125,100,80,85,75,55,36,392,"serene-grace,run-away,rattled",yellow,generation-ix
983,kingambit,dark,steel,100,135,120,60,85,50,20,1200,"defiant,supreme-overlord,pressure",black,generation-ix
984,great-tusk,ground,fighting,115,131,131,53,53,87,22,3200,protosynthesis,purple,generation-ix
985,scream-tail,fairy,psychic,115,65,99,65,115,111,12,80,protosynthesis,pink,generation-ix
986,brute-bonnet,grass,dark,111,127,99,79,99,55,12,210,protosynthesis,gray,generation-ix
987,flutter-mane,ghost,fairy,55,55,55,135,135,135,14,40,protosynthesis,gray,generation-ix
988,slither-wing,bug,fighting,85,135,79,85,105,81,32,920,protosynthesis,red,generation-ix
989,sandy-shocks,electric,ground,85,81,97,121,85,101,23,600,protosynthesis,gray,generation-ix
990,iron-treads,ground,steel,90,112,120,72,70,106,9,2400,quark-drive,gray,generation-ix
991,iron-bundle,ice,water,56,80,114,124,60,136,6,110,quark-drive,red,generation-ix
992,iron-hands,fighting,electric,154,140,108,50,68,50,18,3807,quark-drive,gray,generation-ix
993,iron-jugulis,dark,flying,94,80,86,122,80,108,13,1110,quark-drive,blue,generation-ix
994,iron-moth,fire,poison,80,70,60,140,110,110,12,360,quark-drive,yellow,generation-ix
995,iron-thorns,rock,electric,100,134,110,70,84,72,16,3030,quark-drive,green,generation-ix
996,frigibax,dragon,ice,65,75,45,35,45,55,5,170,"thermal-exchange,ice-body",gray,generation-ix
997,arctibax,dragon,ice,90,95,66,45,65,62,8,300,"thermal-exchange,ice-body",gray,generation-ix
998,baxcalibur,dragon,ice,115,145,92,75,86,87,21,2100,"thermal-exchange,ice-body",gray,generation-ix
999,gimmighoul,ghost,,45,30,70,75,70,10,3,50,rattled,brown,generation-ix
1000,gholdengo,steel,ghost,87,60,95,133,91,84,12,300,good-as-gold,yellow,generation-ix
1001,wo-chien,dark,grass,85,85,100,95,135,70,15,742,tablets-of-ruin,brown,generation-ix
1002,chien-pao,dark,ice,80,120,80,90,65,135,19,1522,sword-of-ruin,white,generation-ix
1003,ting-lu,dark,ground,155,110,125,55,80,45,27,6997,vessel-of-ruin,brown,generation-ix
1004,chi-yu,dark,fire,55,80,80,135,120,100,4,49,beads-of-ruin,red,generation-ix
1005,roaring-moon,dragon,dark,105,139,71,55,101,119,20,3800,protosynthesis,green,generation-ix
1006,iron-valiant,fairy,fighting,74,130,90,120,60,116,14,350,quark-drive,white,generation-ix
1007,koraidon,fighting,dragon,100,135,115,85,100,135,25,3030,orichalcum-pulse,red,generation-ix
1008,miraidon,electric,dragon,100,85,100,135,115,135,35,2400,hadron-engine,blue,generation-ix
1009,walking-wake,water,dragon,99,83,91,125,83,109,35,2800,protosynthesis,blue,generation-ix
1010,iron-leaves,grass,psychic,90,130,88,70,108,104,15,1250,quark-drive,green,generation-ix
1011,dipplin,grass,dragon,80,80,110,95,80,40,4,97,"supersweet-syrup,gluttony,sticky-hold",green,generation-ix
1012,poltchageist,grass,ghost,40,45,45,74,54,50,1,11,"hospitality,heatproof",green,generation-ix
1013,sinistcha,grass,ghost,71,60,106,121,80,70,2,22,"hospitality,heatproof",green,generation-ix
1014,okidogi,poison,fighting,88,128,115,58,86,80,18,922,"toxic-chain,guard-dog",black,generation-ix
1015,munkidori,poison,psychic,88,75,66,130,90,106,10,122,"toxic-chain,frisk",black,generation-ix
1016,fezandipiti,poison,fairy,88,91,82,70,125,99,14,301,"toxic-chain,technician",black,generation-ix
1017,ogerpon,grass,,80,120,84,60,96,110,12,398,defiant,green,generation-ix
1018,archaludon,steel,dragon,90,105,130,125,65,85,20,600,"stamina,sturdy,stalwart",white,generation-ix
1019,hydrapple,grass,dragon,106,80,110,120,80,44,18,930,"supersweet-syrup,regenerator,sticky-hold",green,generation-ix
1020,gouging-fire,fire,dragon,105,115,121,65,93,91,35,5900,protosynthesis,brown,generation-ix
1021,raging-bolt,electric,dragon,125,73,91,137,89,75,52,4800,protosynthesis,yellow,generation-ix
1022,iron-boulder,rock,psychic,90,120,80,68,108,124,15,1625,quark-drive,gray,generation-ix
1023,iron-crown,steel,psychic,90,72,100,122,108,98,16,1560,quark-drive,blue,generation-ix
1024,terapagos,normal,,90,65,85,65,85,60,2,65,tera-shift,blue,generation-ix
1025,pecharunt,poison,ghost,88,88,160,88,88,88,3,3,poison-puppeteer,purple,generation-ix
